,Number of Hosts,Algorithm,Job Number,Job Type,Job Period,Target Server,Job Success Rate
0,3,random,30,tcp_speed_test,17,10.0.1.1,125.0
1,3,random,4,tcp_speed_test,17,10.0.1.1,125.0
2,3,random,48,tcp_speed_test,14,10.0.1.1,107.14285714285714
3,3,random,39,tcp_speed_test,19,10.0.1.1,136.36363636363635
4,3,random,38,tcp_speed_test,11,10.0.1.1,88.23529411764706
5,3,random,16,tcp_speed_test,14,10.0.1.1,107.14285714285714
6,3,random,32,tcp_speed_test,13,10.0.1.1,100.0
7,3,random,43,tcp_speed_test,19,10.0.1.1,136.36363636363635
8,3,random,2,tcp_speed_test,12,10.0.1.1,93.75
9,3,random,27,tcp_speed_test,20,10.0.1.1,150.0
10,3,random,11,tcp_speed_test,14,10.0.1.1,107.14285714285714
11,3,random,20,tcp_speed_test,13,10.0.1.1,100.0
12,3,random,44,tcp_speed_test,12,10.0.1.1,93.75
13,3,random,21,tcp_speed_test,10,10.0.1.1,78.94736842105263
14,3,random,15,tcp_speed_test,14,10.0.1.1,107.14285714285714
15,3,random,9,tcp_speed_test,11,10.0.1.1,83.33333333333334
16,3,random,36,tcp_speed_test,13,10.0.1.1,100.0
17,3,random,19,tcp_speed_test,19,10.0.1.1,136.36363636363635
18,3,random,47,tcp_speed_test,15,10.0.1.1,115.38461538461537
19,3,random,41,tcp_speed_test,18,10.0.1.1,136.36363636363635
20,3,random,28,tcp_speed_test,19,10.0.1.1,136.36363636363635
21,3,random,12,tcp_speed_test,20,10.0.1.1,150.0
22,3,random,40,tcp_speed_test,18,10.0.1.1,136.36363636363635
23,3,random,5,tcp_speed_test,14,10.0.1.1,107.14285714285714
24,3,random,14,tcp_speed_test,14,10.0.1.1,107.14285714285714
25,3,random,35,tcp_speed_test,12,10.0.1.1,93.75
26,3,random,24,tcp_speed_test,19,10.0.1.1,150.0
27,3,random,33,tcp_speed_test,11,10.0.1.1,83.33333333333334
28,3,random,29,tcp_speed_test,14,10.0.1.1,107.14285714285714
29,3,random,13,tcp_speed_test,15,10.0.1.1,115.38461538461537
30,3,random,22,tcp_speed_test,18,10.0.1.1,136.36363636363635
31,3,random,49,tcp_speed_test,16,10.0.1.1,125.0
32,3,random,7,tcp_speed_test,13,10.0.1.1,100.0
33,3,random,18,tcp_speed_test,13,10.0.1.1,100.0
34,3,random,34,tcp_speed_test,11,10.0.1.1,83.33333333333334
35,3,random,46,tcp_speed_test,13,10.0.1.1,100.0
36,3,random,25,tcp_speed_test,17,10.0.1.1,125.0
37,3,random,8,tcp_speed_test,13,10.0.1.1,100.0
38,3,random,1,tcp_speed_test,11,10.0.1.1,83.33333333333334
39,3,random,37,tcp_speed_test,15,10.0.1.1,115.38461538461537
40,3,random,10,tcp_speed_test,10,10.0.1.1,78.94736842105263
41,3,random,42,tcp_speed_test,20,10.0.1.1,150.0
42,3,random,50,tcp_speed_test,11,10.0.1.1,83.33333333333334
43,3,random,3,tcp_speed_test,16,10.0.1.1,115.38461538461537
44,3,random,26,tcp_speed_test,18,10.0.1.1,136.36363636363635
45,3,random,31,tcp_speed_test,12,10.0.1.1,93.75
46,3,random,17,tcp_speed_test,18,10.0.1.1,136.36363636363635
47,3,random,45,tcp_speed_test,15,10.0.1.1,115.38461538461537
48,3,random,6,tcp_speed_test,15,10.0.1.1,115.38461538461537
49,3,random,23,tcp_speed_test,19,10.0.1.1,136.36363636363635
50,3,rr,42,tcp_speed_test,20,10.0.1.1,150.0
51,3,rr,12,tcp_speed_test,20,10.0.1.1,150.0
52,3,rr,46,tcp_speed_test,13,10.0.1.1,100.0
53,3,rr,30,tcp_speed_test,17,10.0.1.1,125.0
54,3,rr,24,tcp_speed_test,19,10.0.1.1,150.0
55,3,rr,39,tcp_speed_test,19,10.0.1.1,136.36363636363635
56,3,rr,13,tcp_speed_test,15,10.0.1.1,115.38461538461537
57,3,rr,9,tcp_speed_test,11,10.0.1.1,83.33333333333334
58,3,rr,41,tcp_speed_test,18,10.0.1.1,136.36363636363635
59,3,rr,29,tcp_speed_test,14,10.0.1.1,107.14285714285714
60,3,rr,19,tcp_speed_test,19,10.0.1.1,136.36363636363635
61,3,rr,27,tcp_speed_test,20,10.0.1.1,150.0
62,3,rr,48,tcp_speed_test,14,10.0.1.1,107.14285714285714
63,3,rr,11,tcp_speed_test,14,10.0.1.1,107.14285714285714
64,3,rr,28,tcp_speed_test,19,10.0.1.1,136.36363636363635
65,3,rr,49,tcp_speed_test,16,10.0.1.1,125.0
66,3,rr,45,tcp_speed_test,15,10.0.1.1,115.38461538461537
67,3,rr,20,tcp_speed_test,13,10.0.1.1,100.0
68,3,rr,4,tcp_speed_test,17,10.0.1.1,125.0
69,3,rr,17,tcp_speed_test,18,10.0.1.1,136.36363636363635
70,3,rr,25,tcp_speed_test,17,10.0.1.1,125.0
71,3,rr,34,tcp_speed_test,11,10.0.1.1,83.33333333333334
72,3,rr,18,tcp_speed_test,13,10.0.1.1,100.0
73,3,rr,40,tcp_speed_test,18,10.0.1.1,136.36363636363635
74,3,rr,15,tcp_speed_test,14,10.0.1.1,107.14285714285714
75,3,rr,3,tcp_speed_test,16,10.0.1.1,115.38461538461537
76,3,rr,36,tcp_speed_test,13,10.0.1.1,100.0
77,3,rr,47,tcp_speed_test,15,10.0.1.1,115.38461538461537
78,3,rr,22,tcp_speed_test,18,10.0.1.1,136.36363636363635
79,3,rr,10,tcp_speed_test,10,10.0.1.1,78.94736842105263
80,3,rr,32,tcp_speed_test,13,10.0.1.1,100.0
81,3,rr,43,tcp_speed_test,19,10.0.1.1,136.36363636363635
82,3,rr,26,tcp_speed_test,18,10.0.1.1,136.36363636363635
83,3,rr,50,tcp_speed_test,11,10.0.1.1,83.33333333333334
84,3,rr,6,tcp_speed_test,15,10.0.1.1,115.38461538461537
85,3,rr,1,tcp_speed_test,11,10.0.1.1,83.33333333333334
86,3,rr,7,tcp_speed_test,13,10.0.1.1,100.0
87,3,rr,8,tcp_speed_test,13,10.0.1.1,100.0
88,3,rr,2,tcp_speed_test,12,10.0.1.1,93.75
89,3,rr,21,tcp_speed_test,10,10.0.1.1,78.94736842105263
90,3,rr,14,tcp_speed_test,14,10.0.1.1,107.14285714285714
91,3,rr,33,tcp_speed_test,11,10.0.1.1,83.33333333333334
92,3,rr,23,tcp_speed_test,19,10.0.1.1,136.36363636363635
93,3,rr,44,tcp_speed_test,12,10.0.1.1,93.75
94,3,rr,31,tcp_speed_test,12,10.0.1.1,93.75
95,3,rr,16,tcp_speed_test,14,10.0.1.1,107.14285714285714
96,3,rr,38,tcp_speed_test,11,10.0.1.1,88.23529411764706
97,3,rr,37,tcp_speed_test,15,10.0.1.1,115.38461538461537
98,3,rr,35,tcp_speed_test,12,10.0.1.1,93.75
99,3,rr,5,tcp_speed_test,14,10.0.1.1,107.14285714285714
100,3,edf,11,tcp_speed_test,14,10.0.1.1,107.14285714285714
101,3,edf,20,tcp_speed_test,13,10.0.1.1,100.0
102,3,edf,6,tcp_speed_test,15,10.0.1.1,115.38461538461537
103,3,edf,17,tcp_speed_test,18,10.0.1.1,136.36363636363635
104,3,edf,22,tcp_speed_test,18,10.0.1.1,136.36363636363635
105,3,edf,25,tcp_speed_test,17,10.0.1.1,125.0
106,3,edf,34,tcp_speed_test,11,10.0.1.1,83.33333333333334
107,3,edf,42,tcp_speed_test,20,10.0.1.1,150.0
108,3,edf,41,tcp_speed_test,18,10.0.1.1,136.36363636363635
109,3,edf,2,tcp_speed_test,12,10.0.1.1,93.75
110,3,edf,30,tcp_speed_test,17,10.0.1.1,125.0
111,3,edf,24,tcp_speed_test,19,10.0.1.1,150.0
112,3,edf,47,tcp_speed_test,15,10.0.1.1,115.38461538461537
113,3,edf,8,tcp_speed_test,13,10.0.1.1,100.0
114,3,edf,32,tcp_speed_test,13,10.0.1.1,100.0
115,3,edf,36,tcp_speed_test,13,10.0.1.1,100.0
116,3,edf,3,tcp_speed_test,16,10.0.1.1,115.38461538461537
117,3,edf,27,tcp_speed_test,20,10.0.1.1,150.0
118,3,edf,48,tcp_speed_test,14,10.0.1.1,107.14285714285714
119,3,edf,46,tcp_speed_test,13,10.0.1.1,100.0
120,3,edf,16,tcp_speed_test,14,10.0.1.1,107.14285714285714
121,3,edf,12,tcp_speed_test,20,10.0.1.1,150.0
122,3,edf,21,tcp_speed_test,10,10.0.1.1,78.94736842105263
123,3,edf,14,tcp_speed_test,14,10.0.1.1,107.14285714285714
124,3,edf,4,tcp_speed_test,17,10.0.1.1,125.0
125,3,edf,37,tcp_speed_test,15,10.0.1.1,115.38461538461537
126,3,edf,33,tcp_speed_test,11,10.0.1.1,83.33333333333334
127,3,edf,19,tcp_speed_test,19,10.0.1.1,136.36363636363635
128,3,edf,28,tcp_speed_test,19,10.0.1.1,136.36363636363635
129,3,edf,31,tcp_speed_test,12,10.0.1.1,93.75
130,3,edf,9,tcp_speed_test,11,10.0.1.1,83.33333333333334
131,3,edf,26,tcp_speed_test,18,10.0.1.1,136.36363636363635
132,3,edf,35,tcp_speed_test,12,10.0.1.1,93.75
133,3,edf,44,tcp_speed_test,12,10.0.1.1,93.75
134,3,edf,45,tcp_speed_test,15,10.0.1.1,115.38461538461537
135,3,edf,49,tcp_speed_test,16,10.0.1.1,125.0
136,3,edf,39,tcp_speed_test,19,10.0.1.1,136.36363636363635
137,3,edf,10,tcp_speed_test,10,10.0.1.1,78.94736842105263
138,3,edf,15,tcp_speed_test,14,10.0.1.1,107.14285714285714
139,3,edf,18,tcp_speed_test,13,10.0.1.1,100.0
140,3,edf,40,tcp_speed_test,18,10.0.1.1,136.36363636363635
141,3,edf,13,tcp_speed_test,15,10.0.1.1,115.38461538461537
142,3,edf,7,tcp_speed_test,13,10.0.1.1,100.0
143,3,edf,50,tcp_speed_test,11,10.0.1.1,83.33333333333334
144,3,edf,38,tcp_speed_test,11,10.0.1.1,88.23529411764706
145,3,edf,29,tcp_speed_test,14,10.0.1.1,107.14285714285714
146,3,edf,43,tcp_speed_test,19,10.0.1.1,136.36363636363635
147,3,edf,23,tcp_speed_test,19,10.0.1.1,136.36363636363635
148,3,edf,5,tcp_speed_test,14,10.0.1.1,107.14285714285714
149,3,edf,1,tcp_speed_test,11,10.0.1.1,83.33333333333334
150,3,dosd,47,tcp_speed_test,15,10.0.1.1,115.38461538461537
151,3,dosd,22,tcp_speed_test,18,10.0.1.1,136.36363636363635
152,3,dosd,18,tcp_speed_test,13,10.0.1.1,100.0
153,3,dosd,4,tcp_speed_test,17,10.0.1.1,125.0
154,3,dosd,10,tcp_speed_test,10,10.0.1.1,78.94736842105263
155,3,dosd,20,tcp_speed_test,13,10.0.1.1,100.0
156,3,dosd,41,tcp_speed_test,18,10.0.1.1,136.36363636363635
157,3,dosd,35,tcp_speed_test,12,10.0.1.1,93.75
158,3,dosd,14,tcp_speed_test,14,10.0.1.1,107.14285714285714
159,3,dosd,48,tcp_speed_test,14,10.0.1.1,107.14285714285714
160,3,dosd,34,tcp_speed_test,11,10.0.1.1,83.33333333333334
161,3,dosd,23,tcp_speed_test,19,10.0.1.1,136.36363636363635
162,3,dosd,31,tcp_speed_test,12,10.0.1.1,93.75
163,3,dosd,43,tcp_speed_test,19,10.0.1.1,136.36363636363635
164,3,dosd,40,tcp_speed_test,18,10.0.1.1,136.36363636363635
165,3,dosd,9,tcp_speed_test,11,10.0.1.1,83.33333333333334
166,3,dosd,44,tcp_speed_test,12,10.0.1.1,93.75
167,3,dosd,6,tcp_speed_test,15,10.0.1.1,115.38461538461537
168,3,dosd,8,tcp_speed_test,13,10.0.1.1,100.0
169,3,dosd,28,tcp_speed_test,19,10.0.1.1,136.36363636363635
170,3,dosd,29,tcp_speed_test,14,10.0.1.1,107.14285714285714
171,3,dosd,36,tcp_speed_test,13,10.0.1.1,100.0
172,3,dosd,42,tcp_speed_test,20,10.0.1.1,150.0
173,3,dosd,45,tcp_speed_test,15,10.0.1.1,115.38461538461537
174,3,dosd,26,tcp_speed_test,18,10.0.1.1,136.36363636363635
175,3,dosd,3,tcp_speed_test,16,10.0.1.1,115.38461538461537
176,3,dosd,30,tcp_speed_test,17,10.0.1.1,125.0
177,3,dosd,21,tcp_speed_test,10,10.0.1.1,78.94736842105263
178,3,dosd,33,tcp_speed_test,11,10.0.1.1,83.33333333333334
179,3,dosd,37,tcp_speed_test,15,10.0.1.1,115.38461538461537
180,3,dosd,25,tcp_speed_test,17,10.0.1.1,125.0
181,3,dosd,15,tcp_speed_test,14,10.0.1.1,107.14285714285714
182,3,dosd,12,tcp_speed_test,20,10.0.1.1,150.0
183,3,dosd,19,tcp_speed_test,19,10.0.1.1,136.36363636363635
184,3,dosd,46,tcp_speed_test,13,10.0.1.1,100.0
185,3,dosd,24,tcp_speed_test,19,10.0.1.1,150.0
186,3,dosd,16,tcp_speed_test,14,10.0.1.1,107.14285714285714
187,3,dosd,17,tcp_speed_test,18,10.0.1.1,136.36363636363635
188,3,dosd,27,tcp_speed_test,20,10.0.1.1,150.0
189,3,dosd,39,tcp_speed_test,19,10.0.1.1,136.36363636363635
190,3,dosd,1,tcp_speed_test,11,10.0.1.1,83.33333333333334
191,3,dosd,38,tcp_speed_test,11,10.0.1.1,88.23529411764706
192,3,dosd,7,tcp_speed_test,13,10.0.1.1,100.0
193,3,dosd,50,tcp_speed_test,11,10.0.1.1,83.33333333333334
194,3,dosd,49,tcp_speed_test,16,10.0.1.1,125.0
195,3,dosd,5,tcp_speed_test,14,10.0.1.1,107.14285714285714
196,3,dosd,11,tcp_speed_test,14,10.0.1.1,107.14285714285714
197,3,dosd,2,tcp_speed_test,12,10.0.1.1,93.75
198,3,dosd,32,tcp_speed_test,13,10.0.1.1,100.0
199,3,dosd,13,tcp_speed_test,15,10.0.1.1,115.38461538461537
200,3,aosd,4,tcp_speed_test,17,10.0.1.1,125.0
201,3,aosd,48,tcp_speed_test,14,10.0.1.1,107.14285714285714
202,3,aosd,42,tcp_speed_test,20,10.0.1.1,150.0
203,3,aosd,47,tcp_speed_test,15,10.0.1.1,115.38461538461537
204,3,aosd,17,tcp_speed_test,18,10.0.1.1,136.36363636363635
205,3,aosd,2,tcp_speed_test,12,10.0.1.1,93.75
206,3,aosd,41,tcp_speed_test,18,10.0.1.1,136.36363636363635
207,3,aosd,11,tcp_speed_test,14,10.0.1.1,107.14285714285714
208,3,aosd,32,tcp_speed_test,13,10.0.1.1,100.0
209,3,aosd,31,tcp_speed_test,12,10.0.1.1,93.75
210,3,aosd,27,tcp_speed_test,20,10.0.1.1,150.0
211,3,aosd,3,tcp_speed_test,16,10.0.1.1,115.38461538461537
212,3,aosd,1,tcp_speed_test,11,10.0.1.1,83.33333333333334
213,3,aosd,13,tcp_speed_test,15,10.0.1.1,115.38461538461537
214,3,aosd,50,tcp_speed_test,11,10.0.1.1,83.33333333333334
215,3,aosd,43,tcp_speed_test,19,10.0.1.1,136.36363636363635
216,3,aosd,38,tcp_speed_test,11,10.0.1.1,88.23529411764706
217,3,aosd,6,tcp_speed_test,15,10.0.1.1,115.38461538461537
218,3,aosd,21,tcp_speed_test,10,10.0.1.1,78.94736842105263
219,3,aosd,16,tcp_speed_test,14,10.0.1.1,107.14285714285714
220,3,aosd,49,tcp_speed_test,16,10.0.1.1,125.0
221,3,aosd,34,tcp_speed_test,11,10.0.1.1,83.33333333333334
222,3,aosd,39,tcp_speed_test,19,10.0.1.1,136.36363636363635
223,3,aosd,44,tcp_speed_test,12,10.0.1.1,93.75
224,3,aosd,5,tcp_speed_test,14,10.0.1.1,107.14285714285714
225,3,aosd,30,tcp_speed_test,17,10.0.1.1,125.0
226,3,aosd,22,tcp_speed_test,18,10.0.1.1,136.36363636363635
227,3,aosd,28,tcp_speed_test,19,10.0.1.1,136.36363636363635
228,3,aosd,23,tcp_speed_test,19,10.0.1.1,136.36363636363635
229,3,aosd,46,tcp_speed_test,13,10.0.1.1,100.0
230,3,aosd,45,tcp_speed_test,15,10.0.1.1,115.38461538461537
231,3,aosd,12,tcp_speed_test,20,10.0.1.1,150.0
232,3,aosd,7,tcp_speed_test,13,10.0.1.1,100.0
233,3,aosd,36,tcp_speed_test,13,10.0.1.1,100.0
234,3,aosd,15,tcp_speed_test,14,10.0.1.1,107.14285714285714
235,3,aosd,19,tcp_speed_test,19,10.0.1.1,136.36363636363635
236,3,aosd,9,tcp_speed_test,11,10.0.1.1,83.33333333333334
237,3,aosd,18,tcp_speed_test,13,10.0.1.1,100.0
238,3,aosd,40,tcp_speed_test,18,10.0.1.1,136.36363636363635
239,3,aosd,26,tcp_speed_test,18,10.0.1.1,136.36363636363635
240,3,aosd,25,tcp_speed_test,17,10.0.1.1,125.0
241,3,aosd,24,tcp_speed_test,19,10.0.1.1,150.0
242,3,aosd,29,tcp_speed_test,14,10.0.1.1,107.14285714285714
243,3,aosd,14,tcp_speed_test,14,10.0.1.1,107.14285714285714
244,3,aosd,20,tcp_speed_test,13,10.0.1.1,100.0
245,3,aosd,8,tcp_speed_test,13,10.0.1.1,100.0
246,3,aosd,10,tcp_speed_test,10,10.0.1.1,78.94736842105263
247,3,aosd,35,tcp_speed_test,12,10.0.1.1,93.75
248,3,aosd,33,tcp_speed_test,11,10.0.1.1,83.33333333333334
249,3,aosd,37,tcp_speed_test,15,10.0.1.1,115.38461538461537
250,4,random,30,tcp_speed_test,17,10.0.1.1,125.0
251,4,random,4,tcp_speed_test,17,10.0.1.1,125.0
252,4,random,48,tcp_speed_test,14,10.0.1.1,107.14285714285714
253,4,random,39,tcp_speed_test,19,10.0.1.1,136.36363636363635
254,4,random,38,tcp_speed_test,11,10.0.1.1,88.23529411764706
255,4,random,16,tcp_speed_test,14,10.0.1.1,107.14285714285714
256,4,random,32,tcp_speed_test,13,10.0.1.1,100.0
257,4,random,43,tcp_speed_test,19,10.0.1.1,136.36363636363635
258,4,random,2,tcp_speed_test,12,10.0.1.1,93.75
259,4,random,27,tcp_speed_test,20,10.0.1.1,150.0
260,4,random,11,tcp_speed_test,14,10.0.1.1,107.14285714285714
261,4,random,20,tcp_speed_test,13,10.0.1.1,100.0
262,4,random,44,tcp_speed_test,12,10.0.1.1,93.75
263,4,random,21,tcp_speed_test,10,10.0.1.1,78.94736842105263
264,4,random,15,tcp_speed_test,14,10.0.1.1,107.14285714285714
265,4,random,9,tcp_speed_test,11,10.0.1.1,83.33333333333334
266,4,random,36,tcp_speed_test,13,10.0.1.1,100.0
267,4,random,19,tcp_speed_test,19,10.0.1.1,136.36363636363635
268,4,random,47,tcp_speed_test,15,10.0.1.1,115.38461538461537
269,4,random,41,tcp_speed_test,18,10.0.1.1,136.36363636363635
270,4,random,28,tcp_speed_test,19,10.0.1.1,136.36363636363635
271,4,random,12,tcp_speed_test,20,10.0.1.1,150.0
272,4,random,40,tcp_speed_test,18,10.0.1.1,136.36363636363635
273,4,random,5,tcp_speed_test,14,10.0.1.1,107.14285714285714
274,4,random,14,tcp_speed_test,14,10.0.1.1,107.14285714285714
275,4,random,35,tcp_speed_test,12,10.0.1.1,93.75
276,4,random,24,tcp_speed_test,19,10.0.1.1,150.0
277,4,random,33,tcp_speed_test,11,10.0.1.1,83.33333333333334
278,4,random,29,tcp_speed_test,14,10.0.1.1,107.14285714285714
279,4,random,13,tcp_speed_test,15,10.0.1.1,115.38461538461537
280,4,random,22,tcp_speed_test,18,10.0.1.1,136.36363636363635
281,4,random,49,tcp_speed_test,16,10.0.1.1,125.0
282,4,random,7,tcp_speed_test,13,10.0.1.1,100.0
283,4,random,18,tcp_speed_test,13,10.0.1.1,100.0
284,4,random,34,tcp_speed_test,11,10.0.1.1,83.33333333333334
285,4,random,46,tcp_speed_test,13,10.0.1.1,100.0
286,4,random,25,tcp_speed_test,17,10.0.1.1,125.0
287,4,random,8,tcp_speed_test,13,10.0.1.1,100.0
288,4,random,1,tcp_speed_test,11,10.0.1.1,83.33333333333334
289,4,random,37,tcp_speed_test,15,10.0.1.1,115.38461538461537
290,4,random,10,tcp_speed_test,10,10.0.1.1,78.94736842105263
291,4,random,42,tcp_speed_test,20,10.0.1.1,150.0
292,4,random,50,tcp_speed_test,11,10.0.1.1,83.33333333333334
293,4,random,3,tcp_speed_test,16,10.0.1.1,115.38461538461537
294,4,random,26,tcp_speed_test,18,10.0.1.1,136.36363636363635
295,4,random,31,tcp_speed_test,12,10.0.1.1,93.75
296,4,random,17,tcp_speed_test,18,10.0.1.1,136.36363636363635
297,4,random,45,tcp_speed_test,15,10.0.1.1,115.38461538461537
298,4,random,6,tcp_speed_test,15,10.0.1.1,115.38461538461537
299,4,random,23,tcp_speed_test,19,10.0.1.1,136.36363636363635
300,4,rr,42,tcp_speed_test,20,10.0.1.1,150.0
301,4,rr,12,tcp_speed_test,20,10.0.1.1,150.0
302,4,rr,46,tcp_speed_test,13,10.0.1.1,100.0
303,4,rr,30,tcp_speed_test,17,10.0.1.1,125.0
304,4,rr,24,tcp_speed_test,19,10.0.1.1,150.0
305,4,rr,39,tcp_speed_test,19,10.0.1.1,136.36363636363635
306,4,rr,13,tcp_speed_test,15,10.0.1.1,115.38461538461537
307,4,rr,9,tcp_speed_test,11,10.0.1.1,83.33333333333334
308,4,rr,41,tcp_speed_test,18,10.0.1.1,136.36363636363635
309,4,rr,29,tcp_speed_test,14,10.0.1.1,107.14285714285714
310,4,rr,19,tcp_speed_test,19,10.0.1.1,136.36363636363635
311,4,rr,27,tcp_speed_test,20,10.0.1.1,150.0
312,4,rr,48,tcp_speed_test,14,10.0.1.1,107.14285714285714
313,4,rr,11,tcp_speed_test,14,10.0.1.1,107.14285714285714
314,4,rr,28,tcp_speed_test,19,10.0.1.1,136.36363636363635
315,4,rr,49,tcp_speed_test,16,10.0.1.1,125.0
316,4,rr,45,tcp_speed_test,15,10.0.1.1,115.38461538461537
317,4,rr,20,tcp_speed_test,13,10.0.1.1,100.0
318,4,rr,4,tcp_speed_test,17,10.0.1.1,125.0
319,4,rr,17,tcp_speed_test,18,10.0.1.1,136.36363636363635
320,4,rr,25,tcp_speed_test,17,10.0.1.1,125.0
321,4,rr,34,tcp_speed_test,11,10.0.1.1,83.33333333333334
322,4,rr,18,tcp_speed_test,13,10.0.1.1,100.0
323,4,rr,40,tcp_speed_test,18,10.0.1.1,136.36363636363635
324,4,rr,15,tcp_speed_test,14,10.0.1.1,107.14285714285714
325,4,rr,3,tcp_speed_test,16,10.0.1.1,115.38461538461537
326,4,rr,36,tcp_speed_test,13,10.0.1.1,100.0
327,4,rr,47,tcp_speed_test,15,10.0.1.1,115.38461538461537
328,4,rr,22,tcp_speed_test,18,10.0.1.1,136.36363636363635
329,4,rr,10,tcp_speed_test,10,10.0.1.1,78.94736842105263
330,4,rr,32,tcp_speed_test,13,10.0.1.1,100.0
331,4,rr,43,tcp_speed_test,19,10.0.1.1,136.36363636363635
332,4,rr,26,tcp_speed_test,18,10.0.1.1,136.36363636363635
333,4,rr,50,tcp_speed_test,11,10.0.1.1,83.33333333333334
334,4,rr,6,tcp_speed_test,15,10.0.1.1,115.38461538461537
335,4,rr,1,tcp_speed_test,11,10.0.1.1,83.33333333333334
336,4,rr,7,tcp_speed_test,13,10.0.1.1,100.0
337,4,rr,8,tcp_speed_test,13,10.0.1.1,100.0
338,4,rr,2,tcp_speed_test,12,10.0.1.1,93.75
339,4,rr,21,tcp_speed_test,10,10.0.1.1,78.94736842105263
340,4,rr,14,tcp_speed_test,14,10.0.1.1,107.14285714285714
341,4,rr,33,tcp_speed_test,11,10.0.1.1,83.33333333333334
342,4,rr,23,tcp_speed_test,19,10.0.1.1,136.36363636363635
343,4,rr,44,tcp_speed_test,12,10.0.1.1,93.75
344,4,rr,31,tcp_speed_test,12,10.0.1.1,93.75
345,4,rr,16,tcp_speed_test,14,10.0.1.1,107.14285714285714
346,4,rr,38,tcp_speed_test,11,10.0.1.1,88.23529411764706
347,4,rr,37,tcp_speed_test,15,10.0.1.1,115.38461538461537
348,4,rr,35,tcp_speed_test,12,10.0.1.1,93.75
349,4,rr,5,tcp_speed_test,14,10.0.1.1,107.14285714285714
350,4,edf,11,tcp_speed_test,14,10.0.1.1,107.14285714285714
351,4,edf,20,tcp_speed_test,13,10.0.1.1,100.0
352,4,edf,6,tcp_speed_test,15,10.0.1.1,115.38461538461537
353,4,edf,17,tcp_speed_test,18,10.0.1.1,136.36363636363635
354,4,edf,22,tcp_speed_test,18,10.0.1.1,136.36363636363635
355,4,edf,25,tcp_speed_test,17,10.0.1.1,125.0
356,4,edf,34,tcp_speed_test,11,10.0.1.1,83.33333333333334
357,4,edf,42,tcp_speed_test,20,10.0.1.1,150.0
358,4,edf,41,tcp_speed_test,18,10.0.1.1,136.36363636363635
359,4,edf,2,tcp_speed_test,12,10.0.1.1,93.75
360,4,edf,30,tcp_speed_test,17,10.0.1.1,125.0
361,4,edf,24,tcp_speed_test,19,10.0.1.1,150.0
362,4,edf,47,tcp_speed_test,15,10.0.1.1,115.38461538461537
363,4,edf,8,tcp_speed_test,13,10.0.1.1,100.0
364,4,edf,32,tcp_speed_test,13,10.0.1.1,100.0
365,4,edf,36,tcp_speed_test,13,10.0.1.1,100.0
366,4,edf,3,tcp_speed_test,16,10.0.1.1,115.38461538461537
367,4,edf,27,tcp_speed_test,20,10.0.1.1,150.0
368,4,edf,48,tcp_speed_test,14,10.0.1.1,107.14285714285714
369,4,edf,46,tcp_speed_test,13,10.0.1.1,100.0
370,4,edf,16,tcp_speed_test,14,10.0.1.1,107.14285714285714
371,4,edf,12,tcp_speed_test,20,10.0.1.1,150.0
372,4,edf,21,tcp_speed_test,10,10.0.1.1,78.94736842105263
373,4,edf,14,tcp_speed_test,14,10.0.1.1,107.14285714285714
374,4,edf,4,tcp_speed_test,17,10.0.1.1,125.0
375,4,edf,37,tcp_speed_test,15,10.0.1.1,115.38461538461537
376,4,edf,33,tcp_speed_test,11,10.0.1.1,83.33333333333334
377,4,edf,19,tcp_speed_test,19,10.0.1.1,136.36363636363635
378,4,edf,28,tcp_speed_test,19,10.0.1.1,136.36363636363635
379,4,edf,31,tcp_speed_test,12,10.0.1.1,93.75
380,4,edf,9,tcp_speed_test,11,10.0.1.1,83.33333333333334
381,4,edf,26,tcp_speed_test,18,10.0.1.1,136.36363636363635
382,4,edf,35,tcp_speed_test,12,10.0.1.1,93.75
383,4,edf,44,tcp_speed_test,12,10.0.1.1,93.75
384,4,edf,45,tcp_speed_test,15,10.0.1.1,115.38461538461537
385,4,edf,49,tcp_speed_test,16,10.0.1.1,125.0
386,4,edf,39,tcp_speed_test,19,10.0.1.1,136.36363636363635
387,4,edf,10,tcp_speed_test,10,10.0.1.1,78.94736842105263
388,4,edf,15,tcp_speed_test,14,10.0.1.1,107.14285714285714
389,4,edf,18,tcp_speed_test,13,10.0.1.1,100.0
390,4,edf,40,tcp_speed_test,18,10.0.1.1,136.36363636363635
391,4,edf,13,tcp_speed_test,15,10.0.1.1,115.38461538461537
392,4,edf,7,tcp_speed_test,13,10.0.1.1,100.0
393,4,edf,50,tcp_speed_test,11,10.0.1.1,83.33333333333334
394,4,edf,38,tcp_speed_test,11,10.0.1.1,88.23529411764706
395,4,edf,29,tcp_speed_test,14,10.0.1.1,107.14285714285714
396,4,edf,43,tcp_speed_test,19,10.0.1.1,136.36363636363635
397,4,edf,23,tcp_speed_test,19,10.0.1.1,136.36363636363635
398,4,edf,5,tcp_speed_test,14,10.0.1.1,107.14285714285714
399,4,edf,1,tcp_speed_test,11,10.0.1.1,83.33333333333334
400,4,dosd,47,tcp_speed_test,15,10.0.1.1,115.38461538461537
401,4,dosd,22,tcp_speed_test,18,10.0.1.1,136.36363636363635
402,4,dosd,18,tcp_speed_test,13,10.0.1.1,100.0
403,4,dosd,4,tcp_speed_test,17,10.0.1.1,125.0
404,4,dosd,10,tcp_speed_test,10,10.0.1.1,78.94736842105263
405,4,dosd,20,tcp_speed_test,13,10.0.1.1,100.0
406,4,dosd,41,tcp_speed_test,18,10.0.1.1,136.36363636363635
407,4,dosd,35,tcp_speed_test,12,10.0.1.1,93.75
408,4,dosd,14,tcp_speed_test,14,10.0.1.1,107.14285714285714
409,4,dosd,48,tcp_speed_test,14,10.0.1.1,107.14285714285714
410,4,dosd,34,tcp_speed_test,11,10.0.1.1,83.33333333333334
411,4,dosd,23,tcp_speed_test,19,10.0.1.1,136.36363636363635
412,4,dosd,31,tcp_speed_test,12,10.0.1.1,93.75
413,4,dosd,43,tcp_speed_test,19,10.0.1.1,136.36363636363635
414,4,dosd,40,tcp_speed_test,18,10.0.1.1,136.36363636363635
415,4,dosd,9,tcp_speed_test,11,10.0.1.1,83.33333333333334
416,4,dosd,44,tcp_speed_test,12,10.0.1.1,93.75
417,4,dosd,6,tcp_speed_test,15,10.0.1.1,115.38461538461537
418,4,dosd,8,tcp_speed_test,13,10.0.1.1,100.0
419,4,dosd,28,tcp_speed_test,19,10.0.1.1,136.36363636363635
420,4,dosd,29,tcp_speed_test,14,10.0.1.1,107.14285714285714
421,4,dosd,36,tcp_speed_test,13,10.0.1.1,100.0
422,4,dosd,42,tcp_speed_test,20,10.0.1.1,150.0
423,4,dosd,45,tcp_speed_test,15,10.0.1.1,115.38461538461537
424,4,dosd,26,tcp_speed_test,18,10.0.1.1,136.36363636363635
425,4,dosd,3,tcp_speed_test,16,10.0.1.1,115.38461538461537
426,4,dosd,30,tcp_speed_test,17,10.0.1.1,125.0
427,4,dosd,21,tcp_speed_test,10,10.0.1.1,78.94736842105263
428,4,dosd,33,tcp_speed_test,11,10.0.1.1,83.33333333333334
429,4,dosd,37,tcp_speed_test,15,10.0.1.1,115.38461538461537
430,4,dosd,25,tcp_speed_test,17,10.0.1.1,125.0
431,4,dosd,15,tcp_speed_test,14,10.0.1.1,107.14285714285714
432,4,dosd,12,tcp_speed_test,20,10.0.1.1,150.0
433,4,dosd,19,tcp_speed_test,19,10.0.1.1,136.36363636363635
434,4,dosd,46,tcp_speed_test,13,10.0.1.1,100.0
435,4,dosd,24,tcp_speed_test,19,10.0.1.1,150.0
436,4,dosd,16,tcp_speed_test,14,10.0.1.1,107.14285714285714
437,4,dosd,17,tcp_speed_test,18,10.0.1.1,136.36363636363635
438,4,dosd,27,tcp_speed_test,20,10.0.1.1,150.0
439,4,dosd,39,tcp_speed_test,19,10.0.1.1,136.36363636363635
440,4,dosd,1,tcp_speed_test,11,10.0.1.1,83.33333333333334
441,4,dosd,38,tcp_speed_test,11,10.0.1.1,88.23529411764706
442,4,dosd,7,tcp_speed_test,13,10.0.1.1,100.0
443,4,dosd,50,tcp_speed_test,11,10.0.1.1,83.33333333333334
444,4,dosd,49,tcp_speed_test,16,10.0.1.1,125.0
445,4,dosd,5,tcp_speed_test,14,10.0.1.1,107.14285714285714
446,4,dosd,11,tcp_speed_test,14,10.0.1.1,107.14285714285714
447,4,dosd,2,tcp_speed_test,12,10.0.1.1,93.75
448,4,dosd,32,tcp_speed_test,13,10.0.1.1,100.0
449,4,dosd,13,tcp_speed_test,15,10.0.1.1,115.38461538461537
450,4,aosd,4,tcp_speed_test,17,10.0.1.1,125.0
451,4,aosd,48,tcp_speed_test,14,10.0.1.1,107.14285714285714
452,4,aosd,42,tcp_speed_test,20,10.0.1.1,150.0
453,4,aosd,47,tcp_speed_test,15,10.0.1.1,115.38461538461537
454,4,aosd,17,tcp_speed_test,18,10.0.1.1,136.36363636363635
455,4,aosd,2,tcp_speed_test,12,10.0.1.1,93.75
456,4,aosd,41,tcp_speed_test,18,10.0.1.1,136.36363636363635
457,4,aosd,11,tcp_speed_test,14,10.0.1.1,107.14285714285714
458,4,aosd,32,tcp_speed_test,13,10.0.1.1,100.0
459,4,aosd,31,tcp_speed_test,12,10.0.1.1,93.75
460,4,aosd,27,tcp_speed_test,20,10.0.1.1,150.0
461,4,aosd,3,tcp_speed_test,16,10.0.1.1,115.38461538461537
462,4,aosd,1,tcp_speed_test,11,10.0.1.1,83.33333333333334
463,4,aosd,13,tcp_speed_test,15,10.0.1.1,115.38461538461537
464,4,aosd,50,tcp_speed_test,11,10.0.1.1,83.33333333333334
465,4,aosd,43,tcp_speed_test,19,10.0.1.1,136.36363636363635
466,4,aosd,38,tcp_speed_test,11,10.0.1.1,88.23529411764706
467,4,aosd,6,tcp_speed_test,15,10.0.1.1,115.38461538461537
468,4,aosd,21,tcp_speed_test,10,10.0.1.1,78.94736842105263
469,4,aosd,16,tcp_speed_test,14,10.0.1.1,107.14285714285714
470,4,aosd,49,tcp_speed_test,16,10.0.1.1,125.0
471,4,aosd,34,tcp_speed_test,11,10.0.1.1,83.33333333333334
472,4,aosd,39,tcp_speed_test,19,10.0.1.1,136.36363636363635
473,4,aosd,44,tcp_speed_test,12,10.0.1.1,93.75
474,4,aosd,5,tcp_speed_test,14,10.0.1.1,107.14285714285714
475,4,aosd,30,tcp_speed_test,17,10.0.1.1,125.0
476,4,aosd,22,tcp_speed_test,18,10.0.1.1,136.36363636363635
477,4,aosd,28,tcp_speed_test,19,10.0.1.1,136.36363636363635
478,4,aosd,23,tcp_speed_test,19,10.0.1.1,136.36363636363635
479,4,aosd,46,tcp_speed_test,13,10.0.1.1,100.0
480,4,aosd,45,tcp_speed_test,15,10.0.1.1,115.38461538461537
481,4,aosd,12,tcp_speed_test,20,10.0.1.1,150.0
482,4,aosd,7,tcp_speed_test,13,10.0.1.1,100.0
483,4,aosd,36,tcp_speed_test,13,10.0.1.1,100.0
484,4,aosd,15,tcp_speed_test,14,10.0.1.1,107.14285714285714
485,4,aosd,19,tcp_speed_test,19,10.0.1.1,136.36363636363635
486,4,aosd,9,tcp_speed_test,11,10.0.1.1,83.33333333333334
487,4,aosd,18,tcp_speed_test,13,10.0.1.1,100.0
488,4,aosd,40,tcp_speed_test,18,10.0.1.1,136.36363636363635
489,4,aosd,26,tcp_speed_test,18,10.0.1.1,136.36363636363635
490,4,aosd,25,tcp_speed_test,17,10.0.1.1,125.0
491,4,aosd,24,tcp_speed_test,19,10.0.1.1,150.0
492,4,aosd,29,tcp_speed_test,14,10.0.1.1,107.14285714285714
493,4,aosd,14,tcp_speed_test,14,10.0.1.1,107.14285714285714
494,4,aosd,20,tcp_speed_test,13,10.0.1.1,100.0
495,4,aosd,8,tcp_speed_test,13,10.0.1.1,100.0
496,4,aosd,10,tcp_speed_test,10,10.0.1.1,78.94736842105263
497,4,aosd,35,tcp_speed_test,12,10.0.1.1,93.75
498,4,aosd,33,tcp_speed_test,11,10.0.1.1,83.33333333333334
499,4,aosd,37,tcp_speed_test,15,10.0.1.1,115.38461538461537
500,5,random,30,tcp_speed_test,17,10.0.1.1,125.0
501,5,random,4,tcp_speed_test,17,10.0.1.1,125.0
502,5,random,48,tcp_speed_test,14,10.0.1.1,107.14285714285714
503,5,random,39,tcp_speed_test,19,10.0.1.1,136.36363636363635
504,5,random,38,tcp_speed_test,11,10.0.1.1,88.23529411764706
505,5,random,16,tcp_speed_test,14,10.0.1.1,107.14285714285714
506,5,random,32,tcp_speed_test,13,10.0.1.1,100.0
507,5,random,43,tcp_speed_test,19,10.0.1.1,136.36363636363635
508,5,random,2,tcp_speed_test,12,10.0.1.1,93.75
509,5,random,27,tcp_speed_test,20,10.0.1.1,150.0
510,5,random,11,tcp_speed_test,14,10.0.1.1,107.14285714285714
511,5,random,20,tcp_speed_test,13,10.0.1.1,100.0
512,5,random,44,tcp_speed_test,12,10.0.1.1,93.75
513,5,random,21,tcp_speed_test,10,10.0.1.1,78.94736842105263
514,5,random,15,tcp_speed_test,14,10.0.1.1,107.14285714285714
515,5,random,9,tcp_speed_test,11,10.0.1.1,83.33333333333334
516,5,random,36,tcp_speed_test,13,10.0.1.1,100.0
517,5,random,19,tcp_speed_test,19,10.0.1.1,136.36363636363635
518,5,random,47,tcp_speed_test,15,10.0.1.1,115.38461538461537
519,5,random,41,tcp_speed_test,18,10.0.1.1,136.36363636363635
520,5,random,28,tcp_speed_test,19,10.0.1.1,136.36363636363635
521,5,random,12,tcp_speed_test,20,10.0.1.1,150.0
522,5,random,40,tcp_speed_test,18,10.0.1.1,136.36363636363635
523,5,random,5,tcp_speed_test,14,10.0.1.1,107.14285714285714
524,5,random,14,tcp_speed_test,14,10.0.1.1,107.14285714285714
525,5,random,35,tcp_speed_test,12,10.0.1.1,93.75
526,5,random,24,tcp_speed_test,19,10.0.1.1,150.0
527,5,random,33,tcp_speed_test,11,10.0.1.1,83.33333333333334
528,5,random,29,tcp_speed_test,14,10.0.1.1,107.14285714285714
529,5,random,13,tcp_speed_test,15,10.0.1.1,115.38461538461537
530,5,random,22,tcp_speed_test,18,10.0.1.1,136.36363636363635
531,5,random,49,tcp_speed_test,16,10.0.1.1,125.0
532,5,random,7,tcp_speed_test,13,10.0.1.1,100.0
533,5,random,18,tcp_speed_test,13,10.0.1.1,100.0
534,5,random,34,tcp_speed_test,11,10.0.1.1,83.33333333333334
535,5,random,46,tcp_speed_test,13,10.0.1.1,100.0
536,5,random,25,tcp_speed_test,17,10.0.1.1,125.0
537,5,random,8,tcp_speed_test,13,10.0.1.1,100.0
538,5,random,1,tcp_speed_test,11,10.0.1.1,83.33333333333334
539,5,random,37,tcp_speed_test,15,10.0.1.1,115.38461538461537
540,5,random,10,tcp_speed_test,10,10.0.1.1,78.94736842105263
541,5,random,42,tcp_speed_test,20,10.0.1.1,150.0
542,5,random,50,tcp_speed_test,11,10.0.1.1,83.33333333333334
543,5,random,3,tcp_speed_test,16,10.0.1.1,115.38461538461537
544,5,random,26,tcp_speed_test,18,10.0.1.1,136.36363636363635
545,5,random,31,tcp_speed_test,12,10.0.1.1,93.75
546,5,random,17,tcp_speed_test,18,10.0.1.1,136.36363636363635
547,5,random,45,tcp_speed_test,15,10.0.1.1,115.38461538461537
548,5,random,6,tcp_speed_test,15,10.0.1.1,115.38461538461537
549,5,random,23,tcp_speed_test,19,10.0.1.1,136.36363636363635
550,5,rr,42,tcp_speed_test,20,10.0.1.1,150.0
551,5,rr,12,tcp_speed_test,20,10.0.1.1,150.0
552,5,rr,46,tcp_speed_test,13,10.0.1.1,100.0
553,5,rr,30,tcp_speed_test,17,10.0.1.1,125.0
554,5,rr,24,tcp_speed_test,19,10.0.1.1,150.0
555,5,rr,39,tcp_speed_test,19,10.0.1.1,136.36363636363635
556,5,rr,13,tcp_speed_test,15,10.0.1.1,115.38461538461537
557,5,rr,9,tcp_speed_test,11,10.0.1.1,83.33333333333334
558,5,rr,41,tcp_speed_test,18,10.0.1.1,136.36363636363635
559,5,rr,29,tcp_speed_test,14,10.0.1.1,107.14285714285714
560,5,rr,19,tcp_speed_test,19,10.0.1.1,136.36363636363635
561,5,rr,27,tcp_speed_test,20,10.0.1.1,150.0
562,5,rr,48,tcp_speed_test,14,10.0.1.1,107.14285714285714
563,5,rr,11,tcp_speed_test,14,10.0.1.1,107.14285714285714
564,5,rr,28,tcp_speed_test,19,10.0.1.1,136.36363636363635
565,5,rr,49,tcp_speed_test,16,10.0.1.1,125.0
566,5,rr,45,tcp_speed_test,15,10.0.1.1,115.38461538461537
567,5,rr,20,tcp_speed_test,13,10.0.1.1,100.0
568,5,rr,4,tcp_speed_test,17,10.0.1.1,125.0
569,5,rr,17,tcp_speed_test,18,10.0.1.1,136.36363636363635
570,5,rr,25,tcp_speed_test,17,10.0.1.1,125.0
571,5,rr,34,tcp_speed_test,11,10.0.1.1,83.33333333333334
572,5,rr,18,tcp_speed_test,13,10.0.1.1,100.0
573,5,rr,40,tcp_speed_test,18,10.0.1.1,136.36363636363635
574,5,rr,15,tcp_speed_test,14,10.0.1.1,107.14285714285714
575,5,rr,3,tcp_speed_test,16,10.0.1.1,115.38461538461537
576,5,rr,36,tcp_speed_test,13,10.0.1.1,100.0
577,5,rr,47,tcp_speed_test,15,10.0.1.1,115.38461538461537
578,5,rr,22,tcp_speed_test,18,10.0.1.1,136.36363636363635
579,5,rr,10,tcp_speed_test,10,10.0.1.1,78.94736842105263
580,5,rr,32,tcp_speed_test,13,10.0.1.1,100.0
581,5,rr,43,tcp_speed_test,19,10.0.1.1,136.36363636363635
582,5,rr,26,tcp_speed_test,18,10.0.1.1,136.36363636363635
583,5,rr,50,tcp_speed_test,11,10.0.1.1,83.33333333333334
584,5,rr,6,tcp_speed_test,15,10.0.1.1,115.38461538461537
585,5,rr,1,tcp_speed_test,11,10.0.1.1,83.33333333333334
586,5,rr,7,tcp_speed_test,13,10.0.1.1,100.0
587,5,rr,8,tcp_speed_test,13,10.0.1.1,100.0
588,5,rr,2,tcp_speed_test,12,10.0.1.1,93.75
589,5,rr,21,tcp_speed_test,10,10.0.1.1,78.94736842105263
590,5,rr,14,tcp_speed_test,14,10.0.1.1,107.14285714285714
591,5,rr,33,tcp_speed_test,11,10.0.1.1,83.33333333333334
592,5,rr,23,tcp_speed_test,19,10.0.1.1,136.36363636363635
593,5,rr,44,tcp_speed_test,12,10.0.1.1,93.75
594,5,rr,31,tcp_speed_test,12,10.0.1.1,93.75
595,5,rr,16,tcp_speed_test,14,10.0.1.1,107.14285714285714
596,5,rr,38,tcp_speed_test,11,10.0.1.1,88.23529411764706
597,5,rr,37,tcp_speed_test,15,10.0.1.1,115.38461538461537
598,5,rr,35,tcp_speed_test,12,10.0.1.1,93.75
599,5,rr,5,tcp_speed_test,14,10.0.1.1,107.14285714285714
600,5,edf,11,tcp_speed_test,14,10.0.1.1,107.14285714285714
601,5,edf,20,tcp_speed_test,13,10.0.1.1,100.0
602,5,edf,6,tcp_speed_test,15,10.0.1.1,115.38461538461537
603,5,edf,17,tcp_speed_test,18,10.0.1.1,136.36363636363635
604,5,edf,22,tcp_speed_test,18,10.0.1.1,136.36363636363635
605,5,edf,25,tcp_speed_test,17,10.0.1.1,125.0
606,5,edf,34,tcp_speed_test,11,10.0.1.1,83.33333333333334
607,5,edf,42,tcp_speed_test,20,10.0.1.1,150.0
608,5,edf,41,tcp_speed_test,18,10.0.1.1,136.36363636363635
609,5,edf,2,tcp_speed_test,12,10.0.1.1,93.75
610,5,edf,30,tcp_speed_test,17,10.0.1.1,125.0
611,5,edf,24,tcp_speed_test,19,10.0.1.1,150.0
612,5,edf,47,tcp_speed_test,15,10.0.1.1,115.38461538461537
613,5,edf,8,tcp_speed_test,13,10.0.1.1,100.0
614,5,edf,32,tcp_speed_test,13,10.0.1.1,100.0
615,5,edf,36,tcp_speed_test,13,10.0.1.1,100.0
616,5,edf,3,tcp_speed_test,16,10.0.1.1,115.38461538461537
617,5,edf,27,tcp_speed_test,20,10.0.1.1,150.0
618,5,edf,48,tcp_speed_test,14,10.0.1.1,107.14285714285714
619,5,edf,46,tcp_speed_test,13,10.0.1.1,100.0
620,5,edf,16,tcp_speed_test,14,10.0.1.1,107.14285714285714
621,5,edf,12,tcp_speed_test,20,10.0.1.1,150.0
622,5,edf,21,tcp_speed_test,10,10.0.1.1,78.94736842105263
623,5,edf,14,tcp_speed_test,14,10.0.1.1,107.14285714285714
624,5,edf,4,tcp_speed_test,17,10.0.1.1,125.0
625,5,edf,37,tcp_speed_test,15,10.0.1.1,115.38461538461537
626,5,edf,33,tcp_speed_test,11,10.0.1.1,83.33333333333334
627,5,edf,19,tcp_speed_test,19,10.0.1.1,136.36363636363635
628,5,edf,28,tcp_speed_test,19,10.0.1.1,136.36363636363635
629,5,edf,31,tcp_speed_test,12,10.0.1.1,93.75
630,5,edf,9,tcp_speed_test,11,10.0.1.1,83.33333333333334
631,5,edf,26,tcp_speed_test,18,10.0.1.1,136.36363636363635
632,5,edf,35,tcp_speed_test,12,10.0.1.1,93.75
633,5,edf,44,tcp_speed_test,12,10.0.1.1,93.75
634,5,edf,45,tcp_speed_test,15,10.0.1.1,115.38461538461537
635,5,edf,49,tcp_speed_test,16,10.0.1.1,125.0
636,5,edf,39,tcp_speed_test,19,10.0.1.1,136.36363636363635
637,5,edf,10,tcp_speed_test,10,10.0.1.1,78.94736842105263
638,5,edf,15,tcp_speed_test,14,10.0.1.1,107.14285714285714
639,5,edf,18,tcp_speed_test,13,10.0.1.1,100.0
640,5,edf,40,tcp_speed_test,18,10.0.1.1,136.36363636363635
641,5,edf,13,tcp_speed_test,15,10.0.1.1,115.38461538461537
642,5,edf,7,tcp_speed_test,13,10.0.1.1,100.0
643,5,edf,50,tcp_speed_test,11,10.0.1.1,83.33333333333334
644,5,edf,38,tcp_speed_test,11,10.0.1.1,88.23529411764706
645,5,edf,29,tcp_speed_test,14,10.0.1.1,107.14285714285714
646,5,edf,43,tcp_speed_test,19,10.0.1.1,136.36363636363635
647,5,edf,23,tcp_speed_test,19,10.0.1.1,136.36363636363635
648,5,edf,5,tcp_speed_test,14,10.0.1.1,107.14285714285714
649,5,edf,1,tcp_speed_test,11,10.0.1.1,83.33333333333334
650,5,dosd,47,tcp_speed_test,15,10.0.1.1,115.38461538461537
651,5,dosd,22,tcp_speed_test,18,10.0.1.1,136.36363636363635
652,5,dosd,18,tcp_speed_test,13,10.0.1.1,100.0
653,5,dosd,4,tcp_speed_test,17,10.0.1.1,125.0
654,5,dosd,10,tcp_speed_test,10,10.0.1.1,78.94736842105263
655,5,dosd,20,tcp_speed_test,13,10.0.1.1,100.0
656,5,dosd,41,tcp_speed_test,18,10.0.1.1,136.36363636363635
657,5,dosd,35,tcp_speed_test,12,10.0.1.1,93.75
658,5,dosd,14,tcp_speed_test,14,10.0.1.1,107.14285714285714
659,5,dosd,48,tcp_speed_test,14,10.0.1.1,107.14285714285714
660,5,dosd,34,tcp_speed_test,11,10.0.1.1,83.33333333333334
661,5,dosd,23,tcp_speed_test,19,10.0.1.1,136.36363636363635
662,5,dosd,31,tcp_speed_test,12,10.0.1.1,93.75
663,5,dosd,43,tcp_speed_test,19,10.0.1.1,136.36363636363635
664,5,dosd,40,tcp_speed_test,18,10.0.1.1,136.36363636363635
665,5,dosd,9,tcp_speed_test,11,10.0.1.1,83.33333333333334
666,5,dosd,44,tcp_speed_test,12,10.0.1.1,93.75
667,5,dosd,6,tcp_speed_test,15,10.0.1.1,115.38461538461537
668,5,dosd,8,tcp_speed_test,13,10.0.1.1,100.0
669,5,dosd,28,tcp_speed_test,19,10.0.1.1,136.36363636363635
670,5,dosd,29,tcp_speed_test,14,10.0.1.1,107.14285714285714
671,5,dosd,36,tcp_speed_test,13,10.0.1.1,100.0
672,5,dosd,42,tcp_speed_test,20,10.0.1.1,150.0
673,5,dosd,45,tcp_speed_test,15,10.0.1.1,115.38461538461537
674,5,dosd,26,tcp_speed_test,18,10.0.1.1,136.36363636363635
675,5,dosd,3,tcp_speed_test,16,10.0.1.1,115.38461538461537
676,5,dosd,30,tcp_speed_test,17,10.0.1.1,125.0
677,5,dosd,21,tcp_speed_test,10,10.0.1.1,78.94736842105263
678,5,dosd,33,tcp_speed_test,11,10.0.1.1,83.33333333333334
679,5,dosd,37,tcp_speed_test,15,10.0.1.1,115.38461538461537
680,5,dosd,25,tcp_speed_test,17,10.0.1.1,125.0
681,5,dosd,15,tcp_speed_test,14,10.0.1.1,107.14285714285714
682,5,dosd,12,tcp_speed_test,20,10.0.1.1,150.0
683,5,dosd,19,tcp_speed_test,19,10.0.1.1,136.36363636363635
684,5,dosd,46,tcp_speed_test,13,10.0.1.1,100.0
685,5,dosd,24,tcp_speed_test,19,10.0.1.1,150.0
686,5,dosd,16,tcp_speed_test,14,10.0.1.1,107.14285714285714
687,5,dosd,17,tcp_speed_test,18,10.0.1.1,136.36363636363635
688,5,dosd,27,tcp_speed_test,20,10.0.1.1,150.0
689,5,dosd,39,tcp_speed_test,19,10.0.1.1,136.36363636363635
690,5,dosd,1,tcp_speed_test,11,10.0.1.1,83.33333333333334
691,5,dosd,38,tcp_speed_test,11,10.0.1.1,88.23529411764706
692,5,dosd,7,tcp_speed_test,13,10.0.1.1,100.0
693,5,dosd,50,tcp_speed_test,11,10.0.1.1,83.33333333333334
694,5,dosd,49,tcp_speed_test,16,10.0.1.1,125.0
695,5,dosd,5,tcp_speed_test,14,10.0.1.1,107.14285714285714
696,5,dosd,11,tcp_speed_test,14,10.0.1.1,107.14285714285714
697,5,dosd,2,tcp_speed_test,12,10.0.1.1,93.75
698,5,dosd,32,tcp_speed_test,13,10.0.1.1,100.0
699,5,dosd,13,tcp_speed_test,15,10.0.1.1,115.38461538461537
700,5,aosd,4,tcp_speed_test,17,10.0.1.1,125.0
701,5,aosd,48,tcp_speed_test,14,10.0.1.1,107.14285714285714
702,5,aosd,42,tcp_speed_test,20,10.0.1.1,150.0
703,5,aosd,47,tcp_speed_test,15,10.0.1.1,115.38461538461537
704,5,aosd,17,tcp_speed_test,18,10.0.1.1,136.36363636363635
705,5,aosd,2,tcp_speed_test,12,10.0.1.1,93.75
706,5,aosd,41,tcp_speed_test,18,10.0.1.1,136.36363636363635
707,5,aosd,11,tcp_speed_test,14,10.0.1.1,107.14285714285714
708,5,aosd,32,tcp_speed_test,13,10.0.1.1,100.0
709,5,aosd,31,tcp_speed_test,12,10.0.1.1,93.75
710,5,aosd,27,tcp_speed_test,20,10.0.1.1,150.0
711,5,aosd,3,tcp_speed_test,16,10.0.1.1,115.38461538461537
712,5,aosd,1,tcp_speed_test,11,10.0.1.1,83.33333333333334
713,5,aosd,13,tcp_speed_test,15,10.0.1.1,115.38461538461537
714,5,aosd,50,tcp_speed_test,11,10.0.1.1,83.33333333333334
715,5,aosd,43,tcp_speed_test,19,10.0.1.1,136.36363636363635
716,5,aosd,38,tcp_speed_test,11,10.0.1.1,88.23529411764706
717,5,aosd,6,tcp_speed_test,15,10.0.1.1,115.38461538461537
718,5,aosd,21,tcp_speed_test,10,10.0.1.1,78.94736842105263
719,5,aosd,16,tcp_speed_test,14,10.0.1.1,107.14285714285714
720,5,aosd,49,tcp_speed_test,16,10.0.1.1,125.0
721,5,aosd,34,tcp_speed_test,11,10.0.1.1,83.33333333333334
722,5,aosd,39,tcp_speed_test,19,10.0.1.1,136.36363636363635
723,5,aosd,44,tcp_speed_test,12,10.0.1.1,93.75
724,5,aosd,5,tcp_speed_test,14,10.0.1.1,107.14285714285714
725,5,aosd,30,tcp_speed_test,17,10.0.1.1,125.0
726,5,aosd,22,tcp_speed_test,18,10.0.1.1,136.36363636363635
727,5,aosd,28,tcp_speed_test,19,10.0.1.1,136.36363636363635
728,5,aosd,23,tcp_speed_test,19,10.0.1.1,136.36363636363635
729,5,aosd,46,tcp_speed_test,13,10.0.1.1,100.0
730,5,aosd,45,tcp_speed_test,15,10.0.1.1,115.38461538461537
731,5,aosd,12,tcp_speed_test,20,10.0.1.1,150.0
732,5,aosd,7,tcp_speed_test,13,10.0.1.1,100.0
733,5,aosd,36,tcp_speed_test,13,10.0.1.1,100.0
734,5,aosd,15,tcp_speed_test,14,10.0.1.1,107.14285714285714
735,5,aosd,19,tcp_speed_test,19,10.0.1.1,136.36363636363635
736,5,aosd,9,tcp_speed_test,11,10.0.1.1,83.33333333333334
737,5,aosd,18,tcp_speed_test,13,10.0.1.1,100.0
738,5,aosd,40,tcp_speed_test,18,10.0.1.1,136.36363636363635
739,5,aosd,26,tcp_speed_test,18,10.0.1.1,136.36363636363635
740,5,aosd,25,tcp_speed_test,17,10.0.1.1,125.0
741,5,aosd,24,tcp_speed_test,19,10.0.1.1,150.0
742,5,aosd,29,tcp_speed_test,14,10.0.1.1,107.14285714285714
743,5,aosd,14,tcp_speed_test,14,10.0.1.1,107.14285714285714
744,5,aosd,20,tcp_speed_test,13,10.0.1.1,100.0
745,5,aosd,8,tcp_speed_test,13,10.0.1.1,100.0
746,5,aosd,10,tcp_speed_test,10,10.0.1.1,78.94736842105263
747,5,aosd,35,tcp_speed_test,12,10.0.1.1,93.75
748,5,aosd,33,tcp_speed_test,11,10.0.1.1,83.33333333333334
749,5,aosd,37,tcp_speed_test,15,10.0.1.1,115.38461538461537
750,6,random,30,tcp_speed_test,17,10.0.1.1,125.0
751,6,random,4,tcp_speed_test,17,10.0.1.1,125.0
752,6,random,48,tcp_speed_test,14,10.0.1.1,107.14285714285714
753,6,random,39,tcp_speed_test,19,10.0.1.1,136.36363636363635
754,6,random,38,tcp_speed_test,11,10.0.1.1,88.23529411764706
755,6,random,16,tcp_speed_test,14,10.0.1.1,107.14285714285714
756,6,random,32,tcp_speed_test,13,10.0.1.1,100.0
757,6,random,43,tcp_speed_test,19,10.0.1.1,136.36363636363635
758,6,random,2,tcp_speed_test,12,10.0.1.1,93.75
759,6,random,27,tcp_speed_test,20,10.0.1.1,150.0
760,6,random,11,tcp_speed_test,14,10.0.1.1,107.14285714285714
761,6,random,20,tcp_speed_test,13,10.0.1.1,100.0
762,6,random,44,tcp_speed_test,12,10.0.1.1,93.75
763,6,random,21,tcp_speed_test,10,10.0.1.1,78.94736842105263
764,6,random,15,tcp_speed_test,14,10.0.1.1,107.14285714285714
765,6,random,9,tcp_speed_test,11,10.0.1.1,83.33333333333334
766,6,random,36,tcp_speed_test,13,10.0.1.1,100.0
767,6,random,19,tcp_speed_test,19,10.0.1.1,136.36363636363635
768,6,random,47,tcp_speed_test,15,10.0.1.1,115.38461538461537
769,6,random,41,tcp_speed_test,18,10.0.1.1,136.36363636363635
770,6,random,28,tcp_speed_test,19,10.0.1.1,136.36363636363635
771,6,random,12,tcp_speed_test,20,10.0.1.1,150.0
772,6,random,40,tcp_speed_test,18,10.0.1.1,136.36363636363635
773,6,random,5,tcp_speed_test,14,10.0.1.1,107.14285714285714
774,6,random,14,tcp_speed_test,14,10.0.1.1,107.14285714285714
775,6,random,35,tcp_speed_test,12,10.0.1.1,93.75
776,6,random,24,tcp_speed_test,19,10.0.1.1,150.0
777,6,random,33,tcp_speed_test,11,10.0.1.1,83.33333333333334
778,6,random,29,tcp_speed_test,14,10.0.1.1,107.14285714285714
779,6,random,13,tcp_speed_test,15,10.0.1.1,115.38461538461537
780,6,random,22,tcp_speed_test,18,10.0.1.1,136.36363636363635
781,6,random,49,tcp_speed_test,16,10.0.1.1,125.0
782,6,random,7,tcp_speed_test,13,10.0.1.1,100.0
783,6,random,18,tcp_speed_test,13,10.0.1.1,100.0
784,6,random,34,tcp_speed_test,11,10.0.1.1,83.33333333333334
785,6,random,46,tcp_speed_test,13,10.0.1.1,100.0
786,6,random,25,tcp_speed_test,17,10.0.1.1,125.0
787,6,random,8,tcp_speed_test,13,10.0.1.1,100.0
788,6,random,1,tcp_speed_test,11,10.0.1.1,83.33333333333334
789,6,random,37,tcp_speed_test,15,10.0.1.1,115.38461538461537
790,6,random,10,tcp_speed_test,10,10.0.1.1,78.94736842105263
791,6,random,42,tcp_speed_test,20,10.0.1.1,150.0
792,6,random,50,tcp_speed_test,11,10.0.1.1,83.33333333333334
793,6,random,3,tcp_speed_test,16,10.0.1.1,115.38461538461537
794,6,random,26,tcp_speed_test,18,10.0.1.1,136.36363636363635
795,6,random,31,tcp_speed_test,12,10.0.1.1,93.75
796,6,random,17,tcp_speed_test,18,10.0.1.1,136.36363636363635
797,6,random,45,tcp_speed_test,15,10.0.1.1,115.38461538461537
798,6,random,6,tcp_speed_test,15,10.0.1.1,115.38461538461537
799,6,random,23,tcp_speed_test,19,10.0.1.1,136.36363636363635
800,6,rr,42,tcp_speed_test,20,10.0.1.1,150.0
801,6,rr,12,tcp_speed_test,20,10.0.1.1,150.0
802,6,rr,46,tcp_speed_test,13,10.0.1.1,100.0
803,6,rr,30,tcp_speed_test,17,10.0.1.1,125.0
804,6,rr,24,tcp_speed_test,19,10.0.1.1,150.0
805,6,rr,39,tcp_speed_test,19,10.0.1.1,136.36363636363635
806,6,rr,13,tcp_speed_test,15,10.0.1.1,115.38461538461537
807,6,rr,9,tcp_speed_test,11,10.0.1.1,83.33333333333334
808,6,rr,41,tcp_speed_test,18,10.0.1.1,136.36363636363635
809,6,rr,29,tcp_speed_test,14,10.0.1.1,107.14285714285714
810,6,rr,19,tcp_speed_test,19,10.0.1.1,136.36363636363635
811,6,rr,27,tcp_speed_test,20,10.0.1.1,150.0
812,6,rr,48,tcp_speed_test,14,10.0.1.1,107.14285714285714
813,6,rr,11,tcp_speed_test,14,10.0.1.1,107.14285714285714
814,6,rr,28,tcp_speed_test,19,10.0.1.1,136.36363636363635
815,6,rr,49,tcp_speed_test,16,10.0.1.1,125.0
816,6,rr,45,tcp_speed_test,15,10.0.1.1,115.38461538461537
817,6,rr,20,tcp_speed_test,13,10.0.1.1,100.0
818,6,rr,4,tcp_speed_test,17,10.0.1.1,125.0
819,6,rr,17,tcp_speed_test,18,10.0.1.1,136.36363636363635
820,6,rr,25,tcp_speed_test,17,10.0.1.1,125.0
821,6,rr,34,tcp_speed_test,11,10.0.1.1,83.33333333333334
822,6,rr,18,tcp_speed_test,13,10.0.1.1,100.0
823,6,rr,40,tcp_speed_test,18,10.0.1.1,136.36363636363635
824,6,rr,15,tcp_speed_test,14,10.0.1.1,107.14285714285714
825,6,rr,3,tcp_speed_test,16,10.0.1.1,115.38461538461537
826,6,rr,36,tcp_speed_test,13,10.0.1.1,100.0
827,6,rr,47,tcp_speed_test,15,10.0.1.1,115.38461538461537
828,6,rr,22,tcp_speed_test,18,10.0.1.1,136.36363636363635
829,6,rr,10,tcp_speed_test,10,10.0.1.1,78.94736842105263
830,6,rr,32,tcp_speed_test,13,10.0.1.1,100.0
831,6,rr,43,tcp_speed_test,19,10.0.1.1,136.36363636363635
832,6,rr,26,tcp_speed_test,18,10.0.1.1,136.36363636363635
833,6,rr,50,tcp_speed_test,11,10.0.1.1,83.33333333333334
834,6,rr,6,tcp_speed_test,15,10.0.1.1,115.38461538461537
835,6,rr,1,tcp_speed_test,11,10.0.1.1,83.33333333333334
836,6,rr,7,tcp_speed_test,13,10.0.1.1,100.0
837,6,rr,8,tcp_speed_test,13,10.0.1.1,100.0
838,6,rr,2,tcp_speed_test,12,10.0.1.1,93.75
839,6,rr,21,tcp_speed_test,10,10.0.1.1,78.94736842105263
840,6,rr,14,tcp_speed_test,14,10.0.1.1,107.14285714285714
841,6,rr,33,tcp_speed_test,11,10.0.1.1,83.33333333333334
842,6,rr,23,tcp_speed_test,19,10.0.1.1,136.36363636363635
843,6,rr,44,tcp_speed_test,12,10.0.1.1,93.75
844,6,rr,31,tcp_speed_test,12,10.0.1.1,93.75
845,6,rr,16,tcp_speed_test,14,10.0.1.1,107.14285714285714
846,6,rr,38,tcp_speed_test,11,10.0.1.1,88.23529411764706
847,6,rr,37,tcp_speed_test,15,10.0.1.1,115.38461538461537
848,6,rr,35,tcp_speed_test,12,10.0.1.1,93.75
849,6,rr,5,tcp_speed_test,14,10.0.1.1,107.14285714285714
850,6,edf,11,tcp_speed_test,14,10.0.1.1,107.14285714285714
851,6,edf,20,tcp_speed_test,13,10.0.1.1,100.0
852,6,edf,6,tcp_speed_test,15,10.0.1.1,115.38461538461537
853,6,edf,17,tcp_speed_test,18,10.0.1.1,136.36363636363635
854,6,edf,22,tcp_speed_test,18,10.0.1.1,136.36363636363635
855,6,edf,25,tcp_speed_test,17,10.0.1.1,125.0
856,6,edf,34,tcp_speed_test,11,10.0.1.1,83.33333333333334
857,6,edf,42,tcp_speed_test,20,10.0.1.1,150.0
858,6,edf,41,tcp_speed_test,18,10.0.1.1,136.36363636363635
859,6,edf,2,tcp_speed_test,12,10.0.1.1,93.75
860,6,edf,30,tcp_speed_test,17,10.0.1.1,125.0
861,6,edf,24,tcp_speed_test,19,10.0.1.1,150.0
862,6,edf,47,tcp_speed_test,15,10.0.1.1,115.38461538461537
863,6,edf,8,tcp_speed_test,13,10.0.1.1,100.0
864,6,edf,32,tcp_speed_test,13,10.0.1.1,100.0
865,6,edf,36,tcp_speed_test,13,10.0.1.1,100.0
866,6,edf,3,tcp_speed_test,16,10.0.1.1,115.38461538461537
867,6,edf,27,tcp_speed_test,20,10.0.1.1,150.0
868,6,edf,48,tcp_speed_test,14,10.0.1.1,107.14285714285714
869,6,edf,46,tcp_speed_test,13,10.0.1.1,100.0
870,6,edf,16,tcp_speed_test,14,10.0.1.1,107.14285714285714
871,6,edf,12,tcp_speed_test,20,10.0.1.1,150.0
872,6,edf,21,tcp_speed_test,10,10.0.1.1,78.94736842105263
873,6,edf,14,tcp_speed_test,14,10.0.1.1,107.14285714285714
874,6,edf,4,tcp_speed_test,17,10.0.1.1,125.0
875,6,edf,37,tcp_speed_test,15,10.0.1.1,115.38461538461537
876,6,edf,33,tcp_speed_test,11,10.0.1.1,83.33333333333334
877,6,edf,19,tcp_speed_test,19,10.0.1.1,136.36363636363635
878,6,edf,28,tcp_speed_test,19,10.0.1.1,136.36363636363635
879,6,edf,31,tcp_speed_test,12,10.0.1.1,93.75
880,6,edf,9,tcp_speed_test,11,10.0.1.1,83.33333333333334
881,6,edf,26,tcp_speed_test,18,10.0.1.1,136.36363636363635
882,6,edf,35,tcp_speed_test,12,10.0.1.1,93.75
883,6,edf,44,tcp_speed_test,12,10.0.1.1,93.75
884,6,edf,45,tcp_speed_test,15,10.0.1.1,115.38461538461537
885,6,edf,49,tcp_speed_test,16,10.0.1.1,125.0
886,6,edf,39,tcp_speed_test,19,10.0.1.1,136.36363636363635
887,6,edf,10,tcp_speed_test,10,10.0.1.1,78.94736842105263
888,6,edf,15,tcp_speed_test,14,10.0.1.1,107.14285714285714
889,6,edf,18,tcp_speed_test,13,10.0.1.1,100.0
890,6,edf,40,tcp_speed_test,18,10.0.1.1,136.36363636363635
891,6,edf,13,tcp_speed_test,15,10.0.1.1,115.38461538461537
892,6,edf,7,tcp_speed_test,13,10.0.1.1,100.0
893,6,edf,50,tcp_speed_test,11,10.0.1.1,83.33333333333334
894,6,edf,38,tcp_speed_test,11,10.0.1.1,88.23529411764706
895,6,edf,29,tcp_speed_test,14,10.0.1.1,107.14285714285714
896,6,edf,43,tcp_speed_test,19,10.0.1.1,136.36363636363635
897,6,edf,23,tcp_speed_test,19,10.0.1.1,136.36363636363635
898,6,edf,5,tcp_speed_test,14,10.0.1.1,107.14285714285714
899,6,edf,1,tcp_speed_test,11,10.0.1.1,83.33333333333334
900,6,dosd,47,tcp_speed_test,15,10.0.1.1,115.38461538461537
901,6,dosd,22,tcp_speed_test,18,10.0.1.1,136.36363636363635
902,6,dosd,18,tcp_speed_test,13,10.0.1.1,100.0
903,6,dosd,4,tcp_speed_test,17,10.0.1.1,125.0
904,6,dosd,10,tcp_speed_test,10,10.0.1.1,78.94736842105263
905,6,dosd,20,tcp_speed_test,13,10.0.1.1,100.0
906,6,dosd,41,tcp_speed_test,18,10.0.1.1,136.36363636363635
907,6,dosd,35,tcp_speed_test,12,10.0.1.1,93.75
908,6,dosd,14,tcp_speed_test,14,10.0.1.1,107.14285714285714
909,6,dosd,48,tcp_speed_test,14,10.0.1.1,107.14285714285714
910,6,dosd,34,tcp_speed_test,11,10.0.1.1,83.33333333333334
911,6,dosd,23,tcp_speed_test,19,10.0.1.1,136.36363636363635
912,6,dosd,31,tcp_speed_test,12,10.0.1.1,93.75
913,6,dosd,43,tcp_speed_test,19,10.0.1.1,136.36363636363635
914,6,dosd,40,tcp_speed_test,18,10.0.1.1,136.36363636363635
915,6,dosd,9,tcp_speed_test,11,10.0.1.1,83.33333333333334
916,6,dosd,44,tcp_speed_test,12,10.0.1.1,93.75
917,6,dosd,6,tcp_speed_test,15,10.0.1.1,115.38461538461537
918,6,dosd,8,tcp_speed_test,13,10.0.1.1,100.0
919,6,dosd,28,tcp_speed_test,19,10.0.1.1,136.36363636363635
920,6,dosd,29,tcp_speed_test,14,10.0.1.1,107.14285714285714
921,6,dosd,36,tcp_speed_test,13,10.0.1.1,100.0
922,6,dosd,42,tcp_speed_test,20,10.0.1.1,150.0
923,6,dosd,45,tcp_speed_test,15,10.0.1.1,115.38461538461537
924,6,dosd,26,tcp_speed_test,18,10.0.1.1,136.36363636363635
925,6,dosd,3,tcp_speed_test,16,10.0.1.1,115.38461538461537
926,6,dosd,30,tcp_speed_test,17,10.0.1.1,125.0
927,6,dosd,21,tcp_speed_test,10,10.0.1.1,78.94736842105263
928,6,dosd,33,tcp_speed_test,11,10.0.1.1,83.33333333333334
929,6,dosd,37,tcp_speed_test,15,10.0.1.1,115.38461538461537
930,6,dosd,25,tcp_speed_test,17,10.0.1.1,125.0
931,6,dosd,15,tcp_speed_test,14,10.0.1.1,107.14285714285714
932,6,dosd,12,tcp_speed_test,20,10.0.1.1,150.0
933,6,dosd,19,tcp_speed_test,19,10.0.1.1,136.36363636363635
934,6,dosd,46,tcp_speed_test,13,10.0.1.1,100.0
935,6,dosd,24,tcp_speed_test,19,10.0.1.1,150.0
936,6,dosd,16,tcp_speed_test,14,10.0.1.1,107.14285714285714
937,6,dosd,17,tcp_speed_test,18,10.0.1.1,136.36363636363635
938,6,dosd,27,tcp_speed_test,20,10.0.1.1,150.0
939,6,dosd,39,tcp_speed_test,19,10.0.1.1,136.36363636363635
940,6,dosd,1,tcp_speed_test,11,10.0.1.1,83.33333333333334
941,6,dosd,38,tcp_speed_test,11,10.0.1.1,88.23529411764706
942,6,dosd,7,tcp_speed_test,13,10.0.1.1,100.0
943,6,dosd,50,tcp_speed_test,11,10.0.1.1,83.33333333333334
944,6,dosd,49,tcp_speed_test,16,10.0.1.1,125.0
945,6,dosd,5,tcp_speed_test,14,10.0.1.1,107.14285714285714
946,6,dosd,11,tcp_speed_test,14,10.0.1.1,107.14285714285714
947,6,dosd,2,tcp_speed_test,12,10.0.1.1,93.75
948,6,dosd,32,tcp_speed_test,13,10.0.1.1,100.0
949,6,dosd,13,tcp_speed_test,15,10.0.1.1,115.38461538461537
950,6,aosd,4,tcp_speed_test,17,10.0.1.1,125.0
951,6,aosd,48,tcp_speed_test,14,10.0.1.1,107.14285714285714
952,6,aosd,42,tcp_speed_test,20,10.0.1.1,150.0
953,6,aosd,47,tcp_speed_test,15,10.0.1.1,115.38461538461537
954,6,aosd,17,tcp_speed_test,18,10.0.1.1,136.36363636363635
955,6,aosd,2,tcp_speed_test,12,10.0.1.1,93.75
956,6,aosd,41,tcp_speed_test,18,10.0.1.1,136.36363636363635
957,6,aosd,11,tcp_speed_test,14,10.0.1.1,107.14285714285714
958,6,aosd,32,tcp_speed_test,13,10.0.1.1,100.0
959,6,aosd,31,tcp_speed_test,12,10.0.1.1,93.75
960,6,aosd,27,tcp_speed_test,20,10.0.1.1,150.0
961,6,aosd,3,tcp_speed_test,16,10.0.1.1,115.38461538461537
962,6,aosd,1,tcp_speed_test,11,10.0.1.1,83.33333333333334
963,6,aosd,13,tcp_speed_test,15,10.0.1.1,115.38461538461537
964,6,aosd,50,tcp_speed_test,11,10.0.1.1,83.33333333333334
965,6,aosd,43,tcp_speed_test,19,10.0.1.1,136.36363636363635
966,6,aosd,38,tcp_speed_test,11,10.0.1.1,88.23529411764706
967,6,aosd,6,tcp_speed_test,15,10.0.1.1,115.38461538461537
968,6,aosd,21,tcp_speed_test,10,10.0.1.1,78.94736842105263
969,6,aosd,16,tcp_speed_test,14,10.0.1.1,107.14285714285714
970,6,aosd,49,tcp_speed_test,16,10.0.1.1,125.0
971,6,aosd,34,tcp_speed_test,11,10.0.1.1,83.33333333333334
972,6,aosd,39,tcp_speed_test,19,10.0.1.1,136.36363636363635
973,6,aosd,44,tcp_speed_test,12,10.0.1.1,93.75
974,6,aosd,5,tcp_speed_test,14,10.0.1.1,107.14285714285714
975,6,aosd,30,tcp_speed_test,17,10.0.1.1,125.0
976,6,aosd,22,tcp_speed_test,18,10.0.1.1,136.36363636363635
977,6,aosd,28,tcp_speed_test,19,10.0.1.1,136.36363636363635
978,6,aosd,23,tcp_speed_test,19,10.0.1.1,136.36363636363635
979,6,aosd,46,tcp_speed_test,13,10.0.1.1,100.0
980,6,aosd,45,tcp_speed_test,15,10.0.1.1,115.38461538461537
981,6,aosd,12,tcp_speed_test,20,10.0.1.1,150.0
982,6,aosd,7,tcp_speed_test,13,10.0.1.1,100.0
983,6,aosd,36,tcp_speed_test,13,10.0.1.1,100.0
984,6,aosd,15,tcp_speed_test,14,10.0.1.1,107.14285714285714
985,6,aosd,19,tcp_speed_test,19,10.0.1.1,136.36363636363635
986,6,aosd,9,tcp_speed_test,11,10.0.1.1,83.33333333333334
987,6,aosd,18,tcp_speed_test,13,10.0.1.1,100.0
988,6,aosd,40,tcp_speed_test,18,10.0.1.1,136.36363636363635
989,6,aosd,26,tcp_speed_test,18,10.0.1.1,136.36363636363635
990,6,aosd,25,tcp_speed_test,17,10.0.1.1,125.0
991,6,aosd,24,tcp_speed_test,19,10.0.1.1,150.0
992,6,aosd,29,tcp_speed_test,14,10.0.1.1,107.14285714285714
993,6,aosd,14,tcp_speed_test,14,10.0.1.1,107.14285714285714
994,6,aosd,20,tcp_speed_test,13,10.0.1.1,100.0
995,6,aosd,8,tcp_speed_test,13,10.0.1.1,100.0
996,6,aosd,10,tcp_speed_test,10,10.0.1.1,78.94736842105263
997,6,aosd,35,tcp_speed_test,12,10.0.1.1,93.75
998,6,aosd,33,tcp_speed_test,11,10.0.1.1,83.33333333333334
999,6,aosd,37,tcp_speed_test,15,10.0.1.1,115.38461538461537
1000,7,random,30,tcp_speed_test,17,10.0.1.1,125.0
1001,7,random,4,tcp_speed_test,17,10.0.1.1,125.0
1002,7,random,48,tcp_speed_test,14,10.0.1.1,107.14285714285714
1003,7,random,39,tcp_speed_test,19,10.0.1.1,136.36363636363635
1004,7,random,38,tcp_speed_test,11,10.0.1.1,88.23529411764706
1005,7,random,16,tcp_speed_test,14,10.0.1.1,107.14285714285714
1006,7,random,32,tcp_speed_test,13,10.0.1.1,100.0
1007,7,random,43,tcp_speed_test,19,10.0.1.1,136.36363636363635
1008,7,random,2,tcp_speed_test,12,10.0.1.1,93.75
1009,7,random,27,tcp_speed_test,20,10.0.1.1,150.0
1010,7,random,11,tcp_speed_test,14,10.0.1.1,107.14285714285714
1011,7,random,20,tcp_speed_test,13,10.0.1.1,100.0
1012,7,random,44,tcp_speed_test,12,10.0.1.1,93.75
1013,7,random,21,tcp_speed_test,10,10.0.1.1,78.94736842105263
1014,7,random,15,tcp_speed_test,14,10.0.1.1,107.14285714285714
1015,7,random,9,tcp_speed_test,11,10.0.1.1,83.33333333333334
1016,7,random,36,tcp_speed_test,13,10.0.1.1,100.0
1017,7,random,19,tcp_speed_test,19,10.0.1.1,136.36363636363635
1018,7,random,47,tcp_speed_test,15,10.0.1.1,115.38461538461537
1019,7,random,41,tcp_speed_test,18,10.0.1.1,136.36363636363635
1020,7,random,28,tcp_speed_test,19,10.0.1.1,136.36363636363635
1021,7,random,12,tcp_speed_test,20,10.0.1.1,150.0
1022,7,random,40,tcp_speed_test,18,10.0.1.1,136.36363636363635
1023,7,random,5,tcp_speed_test,14,10.0.1.1,107.14285714285714
1024,7,random,14,tcp_speed_test,14,10.0.1.1,107.14285714285714
1025,7,random,35,tcp_speed_test,12,10.0.1.1,93.75
1026,7,random,24,tcp_speed_test,19,10.0.1.1,150.0
1027,7,random,33,tcp_speed_test,11,10.0.1.1,83.33333333333334
1028,7,random,29,tcp_speed_test,14,10.0.1.1,107.14285714285714
1029,7,random,13,tcp_speed_test,15,10.0.1.1,115.38461538461537
1030,7,random,22,tcp_speed_test,18,10.0.1.1,136.36363636363635
1031,7,random,49,tcp_speed_test,16,10.0.1.1,125.0
1032,7,random,7,tcp_speed_test,13,10.0.1.1,100.0
1033,7,random,18,tcp_speed_test,13,10.0.1.1,100.0
1034,7,random,34,tcp_speed_test,11,10.0.1.1,83.33333333333334
1035,7,random,46,tcp_speed_test,13,10.0.1.1,100.0
1036,7,random,25,tcp_speed_test,17,10.0.1.1,125.0
1037,7,random,8,tcp_speed_test,13,10.0.1.1,100.0
1038,7,random,1,tcp_speed_test,11,10.0.1.1,83.33333333333334
1039,7,random,37,tcp_speed_test,15,10.0.1.1,115.38461538461537
1040,7,random,10,tcp_speed_test,10,10.0.1.1,78.94736842105263
1041,7,random,42,tcp_speed_test,20,10.0.1.1,150.0
1042,7,random,50,tcp_speed_test,11,10.0.1.1,83.33333333333334
1043,7,random,3,tcp_speed_test,16,10.0.1.1,115.38461538461537
1044,7,random,26,tcp_speed_test,18,10.0.1.1,136.36363636363635
1045,7,random,31,tcp_speed_test,12,10.0.1.1,93.75
1046,7,random,17,tcp_speed_test,18,10.0.1.1,136.36363636363635
1047,7,random,45,tcp_speed_test,15,10.0.1.1,115.38461538461537
1048,7,random,6,tcp_speed_test,15,10.0.1.1,115.38461538461537
1049,7,random,23,tcp_speed_test,19,10.0.1.1,136.36363636363635
1050,7,rr,42,tcp_speed_test,20,10.0.1.1,150.0
1051,7,rr,12,tcp_speed_test,20,10.0.1.1,150.0
1052,7,rr,46,tcp_speed_test,13,10.0.1.1,100.0
1053,7,rr,30,tcp_speed_test,17,10.0.1.1,125.0
1054,7,rr,24,tcp_speed_test,19,10.0.1.1,150.0
1055,7,rr,39,tcp_speed_test,19,10.0.1.1,136.36363636363635
1056,7,rr,13,tcp_speed_test,15,10.0.1.1,115.38461538461537
1057,7,rr,9,tcp_speed_test,11,10.0.1.1,83.33333333333334
1058,7,rr,41,tcp_speed_test,18,10.0.1.1,136.36363636363635
1059,7,rr,29,tcp_speed_test,14,10.0.1.1,107.14285714285714
1060,7,rr,19,tcp_speed_test,19,10.0.1.1,136.36363636363635
1061,7,rr,27,tcp_speed_test,20,10.0.1.1,150.0
1062,7,rr,48,tcp_speed_test,14,10.0.1.1,107.14285714285714
1063,7,rr,11,tcp_speed_test,14,10.0.1.1,107.14285714285714
1064,7,rr,28,tcp_speed_test,19,10.0.1.1,136.36363636363635
1065,7,rr,49,tcp_speed_test,16,10.0.1.1,125.0
1066,7,rr,45,tcp_speed_test,15,10.0.1.1,115.38461538461537
1067,7,rr,20,tcp_speed_test,13,10.0.1.1,100.0
1068,7,rr,4,tcp_speed_test,17,10.0.1.1,125.0
1069,7,rr,17,tcp_speed_test,18,10.0.1.1,136.36363636363635
1070,7,rr,25,tcp_speed_test,17,10.0.1.1,125.0
1071,7,rr,34,tcp_speed_test,11,10.0.1.1,83.33333333333334
1072,7,rr,18,tcp_speed_test,13,10.0.1.1,100.0
1073,7,rr,40,tcp_speed_test,18,10.0.1.1,136.36363636363635
1074,7,rr,15,tcp_speed_test,14,10.0.1.1,107.14285714285714
1075,7,rr,3,tcp_speed_test,16,10.0.1.1,115.38461538461537
1076,7,rr,36,tcp_speed_test,13,10.0.1.1,100.0
1077,7,rr,47,tcp_speed_test,15,10.0.1.1,115.38461538461537
1078,7,rr,22,tcp_speed_test,18,10.0.1.1,136.36363636363635
1079,7,rr,10,tcp_speed_test,10,10.0.1.1,78.94736842105263
1080,7,rr,32,tcp_speed_test,13,10.0.1.1,100.0
1081,7,rr,43,tcp_speed_test,19,10.0.1.1,136.36363636363635
1082,7,rr,26,tcp_speed_test,18,10.0.1.1,136.36363636363635
1083,7,rr,50,tcp_speed_test,11,10.0.1.1,83.33333333333334
1084,7,rr,6,tcp_speed_test,15,10.0.1.1,115.38461538461537
1085,7,rr,1,tcp_speed_test,11,10.0.1.1,83.33333333333334
1086,7,rr,7,tcp_speed_test,13,10.0.1.1,100.0
1087,7,rr,8,tcp_speed_test,13,10.0.1.1,100.0
1088,7,rr,2,tcp_speed_test,12,10.0.1.1,93.75
1089,7,rr,21,tcp_speed_test,10,10.0.1.1,78.94736842105263
1090,7,rr,14,tcp_speed_test,14,10.0.1.1,107.14285714285714
1091,7,rr,33,tcp_speed_test,11,10.0.1.1,83.33333333333334
1092,7,rr,23,tcp_speed_test,19,10.0.1.1,136.36363636363635
1093,7,rr,44,tcp_speed_test,12,10.0.1.1,93.75
1094,7,rr,31,tcp_speed_test,12,10.0.1.1,93.75
1095,7,rr,16,tcp_speed_test,14,10.0.1.1,107.14285714285714
1096,7,rr,38,tcp_speed_test,11,10.0.1.1,88.23529411764706
1097,7,rr,37,tcp_speed_test,15,10.0.1.1,115.38461538461537
1098,7,rr,35,tcp_speed_test,12,10.0.1.1,93.75
1099,7,rr,5,tcp_speed_test,14,10.0.1.1,107.14285714285714
1100,7,edf,11,tcp_speed_test,14,10.0.1.1,107.14285714285714
1101,7,edf,20,tcp_speed_test,13,10.0.1.1,100.0
1102,7,edf,6,tcp_speed_test,15,10.0.1.1,115.38461538461537
1103,7,edf,17,tcp_speed_test,18,10.0.1.1,136.36363636363635
1104,7,edf,22,tcp_speed_test,18,10.0.1.1,136.36363636363635
1105,7,edf,25,tcp_speed_test,17,10.0.1.1,125.0
1106,7,edf,34,tcp_speed_test,11,10.0.1.1,83.33333333333334
1107,7,edf,42,tcp_speed_test,20,10.0.1.1,150.0
1108,7,edf,41,tcp_speed_test,18,10.0.1.1,136.36363636363635
1109,7,edf,2,tcp_speed_test,12,10.0.1.1,93.75
1110,7,edf,30,tcp_speed_test,17,10.0.1.1,125.0
1111,7,edf,24,tcp_speed_test,19,10.0.1.1,150.0
1112,7,edf,47,tcp_speed_test,15,10.0.1.1,115.38461538461537
1113,7,edf,8,tcp_speed_test,13,10.0.1.1,100.0
1114,7,edf,32,tcp_speed_test,13,10.0.1.1,100.0
1115,7,edf,36,tcp_speed_test,13,10.0.1.1,100.0
1116,7,edf,3,tcp_speed_test,16,10.0.1.1,115.38461538461537
1117,7,edf,27,tcp_speed_test,20,10.0.1.1,150.0
1118,7,edf,48,tcp_speed_test,14,10.0.1.1,107.14285714285714
1119,7,edf,46,tcp_speed_test,13,10.0.1.1,100.0
1120,7,edf,16,tcp_speed_test,14,10.0.1.1,107.14285714285714
1121,7,edf,12,tcp_speed_test,20,10.0.1.1,150.0
1122,7,edf,21,tcp_speed_test,10,10.0.1.1,78.94736842105263
1123,7,edf,14,tcp_speed_test,14,10.0.1.1,107.14285714285714
1124,7,edf,4,tcp_speed_test,17,10.0.1.1,125.0
1125,7,edf,37,tcp_speed_test,15,10.0.1.1,115.38461538461537
1126,7,edf,33,tcp_speed_test,11,10.0.1.1,83.33333333333334
1127,7,edf,19,tcp_speed_test,19,10.0.1.1,136.36363636363635
1128,7,edf,28,tcp_speed_test,19,10.0.1.1,136.36363636363635
1129,7,edf,31,tcp_speed_test,12,10.0.1.1,93.75
1130,7,edf,9,tcp_speed_test,11,10.0.1.1,83.33333333333334
1131,7,edf,26,tcp_speed_test,18,10.0.1.1,136.36363636363635
1132,7,edf,35,tcp_speed_test,12,10.0.1.1,93.75
1133,7,edf,44,tcp_speed_test,12,10.0.1.1,93.75
1134,7,edf,45,tcp_speed_test,15,10.0.1.1,115.38461538461537
1135,7,edf,49,tcp_speed_test,16,10.0.1.1,125.0
1136,7,edf,39,tcp_speed_test,19,10.0.1.1,136.36363636363635
1137,7,edf,10,tcp_speed_test,10,10.0.1.1,78.94736842105263
1138,7,edf,15,tcp_speed_test,14,10.0.1.1,107.14285714285714
1139,7,edf,18,tcp_speed_test,13,10.0.1.1,100.0
1140,7,edf,40,tcp_speed_test,18,10.0.1.1,136.36363636363635
1141,7,edf,13,tcp_speed_test,15,10.0.1.1,115.38461538461537
1142,7,edf,7,tcp_speed_test,13,10.0.1.1,100.0
1143,7,edf,50,tcp_speed_test,11,10.0.1.1,83.33333333333334
1144,7,edf,38,tcp_speed_test,11,10.0.1.1,88.23529411764706
1145,7,edf,29,tcp_speed_test,14,10.0.1.1,107.14285714285714
1146,7,edf,43,tcp_speed_test,19,10.0.1.1,136.36363636363635
1147,7,edf,23,tcp_speed_test,19,10.0.1.1,136.36363636363635
1148,7,edf,5,tcp_speed_test,14,10.0.1.1,107.14285714285714
1149,7,edf,1,tcp_speed_test,11,10.0.1.1,83.33333333333334
1150,7,dosd,47,tcp_speed_test,15,10.0.1.1,115.38461538461537
1151,7,dosd,22,tcp_speed_test,18,10.0.1.1,136.36363636363635
1152,7,dosd,18,tcp_speed_test,13,10.0.1.1,100.0
1153,7,dosd,4,tcp_speed_test,17,10.0.1.1,125.0
1154,7,dosd,10,tcp_speed_test,10,10.0.1.1,78.94736842105263
1155,7,dosd,20,tcp_speed_test,13,10.0.1.1,100.0
1156,7,dosd,41,tcp_speed_test,18,10.0.1.1,136.36363636363635
1157,7,dosd,35,tcp_speed_test,12,10.0.1.1,93.75
1158,7,dosd,14,tcp_speed_test,14,10.0.1.1,107.14285714285714
1159,7,dosd,48,tcp_speed_test,14,10.0.1.1,107.14285714285714
1160,7,dosd,34,tcp_speed_test,11,10.0.1.1,83.33333333333334
1161,7,dosd,23,tcp_speed_test,19,10.0.1.1,136.36363636363635
1162,7,dosd,31,tcp_speed_test,12,10.0.1.1,93.75
1163,7,dosd,43,tcp_speed_test,19,10.0.1.1,136.36363636363635
1164,7,dosd,40,tcp_speed_test,18,10.0.1.1,136.36363636363635
1165,7,dosd,9,tcp_speed_test,11,10.0.1.1,83.33333333333334
1166,7,dosd,44,tcp_speed_test,12,10.0.1.1,93.75
1167,7,dosd,6,tcp_speed_test,15,10.0.1.1,115.38461538461537
1168,7,dosd,8,tcp_speed_test,13,10.0.1.1,100.0
1169,7,dosd,28,tcp_speed_test,19,10.0.1.1,136.36363636363635
1170,7,dosd,29,tcp_speed_test,14,10.0.1.1,107.14285714285714
1171,7,dosd,36,tcp_speed_test,13,10.0.1.1,100.0
1172,7,dosd,42,tcp_speed_test,20,10.0.1.1,150.0
1173,7,dosd,45,tcp_speed_test,15,10.0.1.1,115.38461538461537
1174,7,dosd,26,tcp_speed_test,18,10.0.1.1,136.36363636363635
1175,7,dosd,3,tcp_speed_test,16,10.0.1.1,115.38461538461537
1176,7,dosd,30,tcp_speed_test,17,10.0.1.1,125.0
1177,7,dosd,21,tcp_speed_test,10,10.0.1.1,78.94736842105263
1178,7,dosd,33,tcp_speed_test,11,10.0.1.1,83.33333333333334
1179,7,dosd,37,tcp_speed_test,15,10.0.1.1,115.38461538461537
1180,7,dosd,25,tcp_speed_test,17,10.0.1.1,125.0
1181,7,dosd,15,tcp_speed_test,14,10.0.1.1,107.14285714285714
1182,7,dosd,12,tcp_speed_test,20,10.0.1.1,150.0
1183,7,dosd,19,tcp_speed_test,19,10.0.1.1,136.36363636363635
1184,7,dosd,46,tcp_speed_test,13,10.0.1.1,100.0
1185,7,dosd,24,tcp_speed_test,19,10.0.1.1,150.0
1186,7,dosd,16,tcp_speed_test,14,10.0.1.1,107.14285714285714
1187,7,dosd,17,tcp_speed_test,18,10.0.1.1,136.36363636363635
1188,7,dosd,27,tcp_speed_test,20,10.0.1.1,150.0
1189,7,dosd,39,tcp_speed_test,19,10.0.1.1,136.36363636363635
1190,7,dosd,1,tcp_speed_test,11,10.0.1.1,83.33333333333334
1191,7,dosd,38,tcp_speed_test,11,10.0.1.1,88.23529411764706
1192,7,dosd,7,tcp_speed_test,13,10.0.1.1,100.0
1193,7,dosd,50,tcp_speed_test,11,10.0.1.1,83.33333333333334
1194,7,dosd,49,tcp_speed_test,16,10.0.1.1,125.0
1195,7,dosd,5,tcp_speed_test,14,10.0.1.1,107.14285714285714
1196,7,dosd,11,tcp_speed_test,14,10.0.1.1,107.14285714285714
1197,7,dosd,2,tcp_speed_test,12,10.0.1.1,93.75
1198,7,dosd,32,tcp_speed_test,13,10.0.1.1,100.0
1199,7,dosd,13,tcp_speed_test,15,10.0.1.1,115.38461538461537
1200,7,aosd,4,tcp_speed_test,17,10.0.1.1,125.0
1201,7,aosd,48,tcp_speed_test,14,10.0.1.1,107.14285714285714
1202,7,aosd,42,tcp_speed_test,20,10.0.1.1,150.0
1203,7,aosd,47,tcp_speed_test,15,10.0.1.1,115.38461538461537
1204,7,aosd,17,tcp_speed_test,18,10.0.1.1,136.36363636363635
1205,7,aosd,2,tcp_speed_test,12,10.0.1.1,93.75
1206,7,aosd,41,tcp_speed_test,18,10.0.1.1,136.36363636363635
1207,7,aosd,11,tcp_speed_test,14,10.0.1.1,107.14285714285714
1208,7,aosd,32,tcp_speed_test,13,10.0.1.1,100.0
1209,7,aosd,31,tcp_speed_test,12,10.0.1.1,93.75
1210,7,aosd,27,tcp_speed_test,20,10.0.1.1,150.0
1211,7,aosd,3,tcp_speed_test,16,10.0.1.1,115.38461538461537
1212,7,aosd,1,tcp_speed_test,11,10.0.1.1,83.33333333333334
1213,7,aosd,13,tcp_speed_test,15,10.0.1.1,115.38461538461537
1214,7,aosd,50,tcp_speed_test,11,10.0.1.1,83.33333333333334
1215,7,aosd,43,tcp_speed_test,19,10.0.1.1,136.36363636363635
1216,7,aosd,38,tcp_speed_test,11,10.0.1.1,88.23529411764706
1217,7,aosd,6,tcp_speed_test,15,10.0.1.1,115.38461538461537
1218,7,aosd,21,tcp_speed_test,10,10.0.1.1,78.94736842105263
1219,7,aosd,16,tcp_speed_test,14,10.0.1.1,107.14285714285714
1220,7,aosd,49,tcp_speed_test,16,10.0.1.1,125.0
1221,7,aosd,34,tcp_speed_test,11,10.0.1.1,83.33333333333334
1222,7,aosd,39,tcp_speed_test,19,10.0.1.1,136.36363636363635
1223,7,aosd,44,tcp_speed_test,12,10.0.1.1,93.75
1224,7,aosd,5,tcp_speed_test,14,10.0.1.1,107.14285714285714
1225,7,aosd,30,tcp_speed_test,17,10.0.1.1,125.0
1226,7,aosd,22,tcp_speed_test,18,10.0.1.1,136.36363636363635
1227,7,aosd,28,tcp_speed_test,19,10.0.1.1,136.36363636363635
1228,7,aosd,23,tcp_speed_test,19,10.0.1.1,136.36363636363635
1229,7,aosd,46,tcp_speed_test,13,10.0.1.1,100.0
1230,7,aosd,45,tcp_speed_test,15,10.0.1.1,115.38461538461537
1231,7,aosd,12,tcp_speed_test,20,10.0.1.1,150.0
1232,7,aosd,7,tcp_speed_test,13,10.0.1.1,100.0
1233,7,aosd,36,tcp_speed_test,13,10.0.1.1,100.0
1234,7,aosd,15,tcp_speed_test,14,10.0.1.1,107.14285714285714
1235,7,aosd,19,tcp_speed_test,19,10.0.1.1,136.36363636363635
1236,7,aosd,9,tcp_speed_test,11,10.0.1.1,83.33333333333334
1237,7,aosd,18,tcp_speed_test,13,10.0.1.1,100.0
1238,7,aosd,40,tcp_speed_test,18,10.0.1.1,136.36363636363635
1239,7,aosd,26,tcp_speed_test,18,10.0.1.1,136.36363636363635
1240,7,aosd,25,tcp_speed_test,17,10.0.1.1,125.0
1241,7,aosd,24,tcp_speed_test,19,10.0.1.1,150.0
1242,7,aosd,29,tcp_speed_test,14,10.0.1.1,107.14285714285714
1243,7,aosd,14,tcp_speed_test,14,10.0.1.1,107.14285714285714
1244,7,aosd,20,tcp_speed_test,13,10.0.1.1,100.0
1245,7,aosd,8,tcp_speed_test,13,10.0.1.1,100.0
1246,7,aosd,10,tcp_speed_test,10,10.0.1.1,78.94736842105263
1247,7,aosd,35,tcp_speed_test,12,10.0.1.1,93.75
1248,7,aosd,33,tcp_speed_test,11,10.0.1.1,83.33333333333334
1249,7,aosd,37,tcp_speed_test,15,10.0.1.1,115.38461538461537
1250,8,random,30,tcp_speed_test,17,10.0.1.1,125.0
1251,8,random,4,tcp_speed_test,17,10.0.1.1,125.0
1252,8,random,48,tcp_speed_test,14,10.0.1.1,107.14285714285714
1253,8,random,39,tcp_speed_test,19,10.0.1.1,136.36363636363635
1254,8,random,38,tcp_speed_test,11,10.0.1.1,88.23529411764706
1255,8,random,16,tcp_speed_test,14,10.0.1.1,107.14285714285714
1256,8,random,32,tcp_speed_test,13,10.0.1.1,100.0
1257,8,random,43,tcp_speed_test,19,10.0.1.1,136.36363636363635
1258,8,random,2,tcp_speed_test,12,10.0.1.1,93.75
1259,8,random,27,tcp_speed_test,20,10.0.1.1,150.0
1260,8,random,11,tcp_speed_test,14,10.0.1.1,107.14285714285714
1261,8,random,20,tcp_speed_test,13,10.0.1.1,100.0
1262,8,random,44,tcp_speed_test,12,10.0.1.1,93.75
1263,8,random,21,tcp_speed_test,10,10.0.1.1,78.94736842105263
1264,8,random,15,tcp_speed_test,14,10.0.1.1,107.14285714285714
1265,8,random,9,tcp_speed_test,11,10.0.1.1,83.33333333333334
1266,8,random,36,tcp_speed_test,13,10.0.1.1,100.0
1267,8,random,19,tcp_speed_test,19,10.0.1.1,136.36363636363635
1268,8,random,47,tcp_speed_test,15,10.0.1.1,115.38461538461537
1269,8,random,41,tcp_speed_test,18,10.0.1.1,136.36363636363635
1270,8,random,28,tcp_speed_test,19,10.0.1.1,136.36363636363635
1271,8,random,12,tcp_speed_test,20,10.0.1.1,150.0
1272,8,random,40,tcp_speed_test,18,10.0.1.1,136.36363636363635
1273,8,random,5,tcp_speed_test,14,10.0.1.1,107.14285714285714
1274,8,random,14,tcp_speed_test,14,10.0.1.1,107.14285714285714
1275,8,random,35,tcp_speed_test,12,10.0.1.1,93.75
1276,8,random,24,tcp_speed_test,19,10.0.1.1,150.0
1277,8,random,33,tcp_speed_test,11,10.0.1.1,83.33333333333334
1278,8,random,29,tcp_speed_test,14,10.0.1.1,107.14285714285714
1279,8,random,13,tcp_speed_test,15,10.0.1.1,115.38461538461537
1280,8,random,22,tcp_speed_test,18,10.0.1.1,136.36363636363635
1281,8,random,49,tcp_speed_test,16,10.0.1.1,125.0
1282,8,random,7,tcp_speed_test,13,10.0.1.1,100.0
1283,8,random,18,tcp_speed_test,13,10.0.1.1,100.0
1284,8,random,34,tcp_speed_test,11,10.0.1.1,83.33333333333334
1285,8,random,46,tcp_speed_test,13,10.0.1.1,100.0
1286,8,random,25,tcp_speed_test,17,10.0.1.1,125.0
1287,8,random,8,tcp_speed_test,13,10.0.1.1,100.0
1288,8,random,1,tcp_speed_test,11,10.0.1.1,83.33333333333334
1289,8,random,37,tcp_speed_test,15,10.0.1.1,115.38461538461537
1290,8,random,10,tcp_speed_test,10,10.0.1.1,78.94736842105263
1291,8,random,42,tcp_speed_test,20,10.0.1.1,150.0
1292,8,random,50,tcp_speed_test,11,10.0.1.1,83.33333333333334
1293,8,random,3,tcp_speed_test,16,10.0.1.1,115.38461538461537
1294,8,random,26,tcp_speed_test,18,10.0.1.1,136.36363636363635
1295,8,random,31,tcp_speed_test,12,10.0.1.1,93.75
1296,8,random,17,tcp_speed_test,18,10.0.1.1,136.36363636363635
1297,8,random,45,tcp_speed_test,15,10.0.1.1,115.38461538461537
1298,8,random,6,tcp_speed_test,15,10.0.1.1,115.38461538461537
1299,8,random,23,tcp_speed_test,19,10.0.1.1,136.36363636363635
1300,8,rr,42,tcp_speed_test,20,10.0.1.1,150.0
1301,8,rr,12,tcp_speed_test,20,10.0.1.1,150.0
1302,8,rr,46,tcp_speed_test,13,10.0.1.1,100.0
1303,8,rr,30,tcp_speed_test,17,10.0.1.1,125.0
1304,8,rr,24,tcp_speed_test,19,10.0.1.1,150.0
1305,8,rr,39,tcp_speed_test,19,10.0.1.1,136.36363636363635
1306,8,rr,13,tcp_speed_test,15,10.0.1.1,115.38461538461537
1307,8,rr,9,tcp_speed_test,11,10.0.1.1,83.33333333333334
1308,8,rr,41,tcp_speed_test,18,10.0.1.1,136.36363636363635
1309,8,rr,29,tcp_speed_test,14,10.0.1.1,107.14285714285714
1310,8,rr,19,tcp_speed_test,19,10.0.1.1,136.36363636363635
1311,8,rr,27,tcp_speed_test,20,10.0.1.1,150.0
1312,8,rr,48,tcp_speed_test,14,10.0.1.1,107.14285714285714
1313,8,rr,11,tcp_speed_test,14,10.0.1.1,107.14285714285714
1314,8,rr,28,tcp_speed_test,19,10.0.1.1,136.36363636363635
1315,8,rr,49,tcp_speed_test,16,10.0.1.1,125.0
1316,8,rr,45,tcp_speed_test,15,10.0.1.1,115.38461538461537
1317,8,rr,20,tcp_speed_test,13,10.0.1.1,100.0
1318,8,rr,4,tcp_speed_test,17,10.0.1.1,125.0
1319,8,rr,17,tcp_speed_test,18,10.0.1.1,136.36363636363635
1320,8,rr,25,tcp_speed_test,17,10.0.1.1,125.0
1321,8,rr,34,tcp_speed_test,11,10.0.1.1,83.33333333333334
1322,8,rr,18,tcp_speed_test,13,10.0.1.1,100.0
1323,8,rr,40,tcp_speed_test,18,10.0.1.1,136.36363636363635
1324,8,rr,15,tcp_speed_test,14,10.0.1.1,107.14285714285714
1325,8,rr,3,tcp_speed_test,16,10.0.1.1,115.38461538461537
1326,8,rr,36,tcp_speed_test,13,10.0.1.1,100.0
1327,8,rr,47,tcp_speed_test,15,10.0.1.1,115.38461538461537
1328,8,rr,22,tcp_speed_test,18,10.0.1.1,136.36363636363635
1329,8,rr,10,tcp_speed_test,10,10.0.1.1,78.94736842105263
1330,8,rr,32,tcp_speed_test,13,10.0.1.1,100.0
1331,8,rr,43,tcp_speed_test,19,10.0.1.1,136.36363636363635
1332,8,rr,26,tcp_speed_test,18,10.0.1.1,136.36363636363635
1333,8,rr,50,tcp_speed_test,11,10.0.1.1,83.33333333333334
1334,8,rr,6,tcp_speed_test,15,10.0.1.1,115.38461538461537
1335,8,rr,1,tcp_speed_test,11,10.0.1.1,83.33333333333334
1336,8,rr,7,tcp_speed_test,13,10.0.1.1,100.0
1337,8,rr,8,tcp_speed_test,13,10.0.1.1,100.0
1338,8,rr,2,tcp_speed_test,12,10.0.1.1,93.75
1339,8,rr,21,tcp_speed_test,10,10.0.1.1,78.94736842105263
1340,8,rr,14,tcp_speed_test,14,10.0.1.1,107.14285714285714
1341,8,rr,33,tcp_speed_test,11,10.0.1.1,83.33333333333334
1342,8,rr,23,tcp_speed_test,19,10.0.1.1,136.36363636363635
1343,8,rr,44,tcp_speed_test,12,10.0.1.1,93.75
1344,8,rr,31,tcp_speed_test,12,10.0.1.1,93.75
1345,8,rr,16,tcp_speed_test,14,10.0.1.1,107.14285714285714
1346,8,rr,38,tcp_speed_test,11,10.0.1.1,88.23529411764706
1347,8,rr,37,tcp_speed_test,15,10.0.1.1,115.38461538461537
1348,8,rr,35,tcp_speed_test,12,10.0.1.1,93.75
1349,8,rr,5,tcp_speed_test,14,10.0.1.1,107.14285714285714
1350,8,edf,11,tcp_speed_test,14,10.0.1.1,107.14285714285714
1351,8,edf,20,tcp_speed_test,13,10.0.1.1,100.0
1352,8,edf,6,tcp_speed_test,15,10.0.1.1,115.38461538461537
1353,8,edf,17,tcp_speed_test,18,10.0.1.1,136.36363636363635
1354,8,edf,22,tcp_speed_test,18,10.0.1.1,136.36363636363635
1355,8,edf,25,tcp_speed_test,17,10.0.1.1,125.0
1356,8,edf,34,tcp_speed_test,11,10.0.1.1,83.33333333333334
1357,8,edf,42,tcp_speed_test,20,10.0.1.1,150.0
1358,8,edf,41,tcp_speed_test,18,10.0.1.1,136.36363636363635
1359,8,edf,2,tcp_speed_test,12,10.0.1.1,93.75
1360,8,edf,30,tcp_speed_test,17,10.0.1.1,125.0
1361,8,edf,24,tcp_speed_test,19,10.0.1.1,150.0
1362,8,edf,47,tcp_speed_test,15,10.0.1.1,115.38461538461537
1363,8,edf,8,tcp_speed_test,13,10.0.1.1,100.0
1364,8,edf,32,tcp_speed_test,13,10.0.1.1,100.0
1365,8,edf,36,tcp_speed_test,13,10.0.1.1,100.0
1366,8,edf,3,tcp_speed_test,16,10.0.1.1,115.38461538461537
1367,8,edf,27,tcp_speed_test,20,10.0.1.1,150.0
1368,8,edf,48,tcp_speed_test,14,10.0.1.1,107.14285714285714
1369,8,edf,46,tcp_speed_test,13,10.0.1.1,100.0
1370,8,edf,16,tcp_speed_test,14,10.0.1.1,107.14285714285714
1371,8,edf,12,tcp_speed_test,20,10.0.1.1,150.0
1372,8,edf,21,tcp_speed_test,10,10.0.1.1,78.94736842105263
1373,8,edf,14,tcp_speed_test,14,10.0.1.1,107.14285714285714
1374,8,edf,4,tcp_speed_test,17,10.0.1.1,125.0
1375,8,edf,37,tcp_speed_test,15,10.0.1.1,115.38461538461537
1376,8,edf,33,tcp_speed_test,11,10.0.1.1,83.33333333333334
1377,8,edf,19,tcp_speed_test,19,10.0.1.1,136.36363636363635
1378,8,edf,28,tcp_speed_test,19,10.0.1.1,136.36363636363635
1379,8,edf,31,tcp_speed_test,12,10.0.1.1,93.75
1380,8,edf,9,tcp_speed_test,11,10.0.1.1,83.33333333333334
1381,8,edf,26,tcp_speed_test,18,10.0.1.1,136.36363636363635
1382,8,edf,35,tcp_speed_test,12,10.0.1.1,93.75
1383,8,edf,44,tcp_speed_test,12,10.0.1.1,93.75
1384,8,edf,45,tcp_speed_test,15,10.0.1.1,115.38461538461537
1385,8,edf,49,tcp_speed_test,16,10.0.1.1,125.0
1386,8,edf,39,tcp_speed_test,19,10.0.1.1,136.36363636363635
1387,8,edf,10,tcp_speed_test,10,10.0.1.1,78.94736842105263
1388,8,edf,15,tcp_speed_test,14,10.0.1.1,107.14285714285714
1389,8,edf,18,tcp_speed_test,13,10.0.1.1,100.0
1390,8,edf,40,tcp_speed_test,18,10.0.1.1,136.36363636363635
1391,8,edf,13,tcp_speed_test,15,10.0.1.1,115.38461538461537
1392,8,edf,7,tcp_speed_test,13,10.0.1.1,100.0
1393,8,edf,50,tcp_speed_test,11,10.0.1.1,83.33333333333334
1394,8,edf,38,tcp_speed_test,11,10.0.1.1,88.23529411764706
1395,8,edf,29,tcp_speed_test,14,10.0.1.1,107.14285714285714
1396,8,edf,43,tcp_speed_test,19,10.0.1.1,136.36363636363635
1397,8,edf,23,tcp_speed_test,19,10.0.1.1,136.36363636363635
1398,8,edf,5,tcp_speed_test,14,10.0.1.1,107.14285714285714
1399,8,edf,1,tcp_speed_test,11,10.0.1.1,83.33333333333334
1400,8,dosd,47,tcp_speed_test,15,10.0.1.1,115.38461538461537
1401,8,dosd,22,tcp_speed_test,18,10.0.1.1,136.36363636363635
1402,8,dosd,18,tcp_speed_test,13,10.0.1.1,100.0
1403,8,dosd,4,tcp_speed_test,17,10.0.1.1,125.0
1404,8,dosd,10,tcp_speed_test,10,10.0.1.1,78.94736842105263
1405,8,dosd,20,tcp_speed_test,13,10.0.1.1,100.0
1406,8,dosd,41,tcp_speed_test,18,10.0.1.1,136.36363636363635
1407,8,dosd,35,tcp_speed_test,12,10.0.1.1,93.75
1408,8,dosd,14,tcp_speed_test,14,10.0.1.1,107.14285714285714
1409,8,dosd,48,tcp_speed_test,14,10.0.1.1,107.14285714285714
1410,8,dosd,34,tcp_speed_test,11,10.0.1.1,83.33333333333334
1411,8,dosd,23,tcp_speed_test,19,10.0.1.1,136.36363636363635
1412,8,dosd,31,tcp_speed_test,12,10.0.1.1,93.75
1413,8,dosd,43,tcp_speed_test,19,10.0.1.1,136.36363636363635
1414,8,dosd,40,tcp_speed_test,18,10.0.1.1,136.36363636363635
1415,8,dosd,9,tcp_speed_test,11,10.0.1.1,83.33333333333334
1416,8,dosd,44,tcp_speed_test,12,10.0.1.1,93.75
1417,8,dosd,6,tcp_speed_test,15,10.0.1.1,115.38461538461537
1418,8,dosd,8,tcp_speed_test,13,10.0.1.1,100.0
1419,8,dosd,28,tcp_speed_test,19,10.0.1.1,136.36363636363635
1420,8,dosd,29,tcp_speed_test,14,10.0.1.1,107.14285714285714
1421,8,dosd,36,tcp_speed_test,13,10.0.1.1,100.0
1422,8,dosd,42,tcp_speed_test,20,10.0.1.1,150.0
1423,8,dosd,45,tcp_speed_test,15,10.0.1.1,115.38461538461537
1424,8,dosd,26,tcp_speed_test,18,10.0.1.1,136.36363636363635
1425,8,dosd,3,tcp_speed_test,16,10.0.1.1,115.38461538461537
1426,8,dosd,30,tcp_speed_test,17,10.0.1.1,125.0
1427,8,dosd,21,tcp_speed_test,10,10.0.1.1,78.94736842105263
1428,8,dosd,33,tcp_speed_test,11,10.0.1.1,83.33333333333334
1429,8,dosd,37,tcp_speed_test,15,10.0.1.1,115.38461538461537
1430,8,dosd,25,tcp_speed_test,17,10.0.1.1,125.0
1431,8,dosd,15,tcp_speed_test,14,10.0.1.1,107.14285714285714
1432,8,dosd,12,tcp_speed_test,20,10.0.1.1,150.0
1433,8,dosd,19,tcp_speed_test,19,10.0.1.1,136.36363636363635
1434,8,dosd,46,tcp_speed_test,13,10.0.1.1,100.0
1435,8,dosd,24,tcp_speed_test,19,10.0.1.1,150.0
1436,8,dosd,16,tcp_speed_test,14,10.0.1.1,107.14285714285714
1437,8,dosd,17,tcp_speed_test,18,10.0.1.1,136.36363636363635
1438,8,dosd,27,tcp_speed_test,20,10.0.1.1,150.0
1439,8,dosd,39,tcp_speed_test,19,10.0.1.1,136.36363636363635
1440,8,dosd,1,tcp_speed_test,11,10.0.1.1,83.33333333333334
1441,8,dosd,38,tcp_speed_test,11,10.0.1.1,88.23529411764706
1442,8,dosd,7,tcp_speed_test,13,10.0.1.1,100.0
1443,8,dosd,50,tcp_speed_test,11,10.0.1.1,83.33333333333334
1444,8,dosd,49,tcp_speed_test,16,10.0.1.1,125.0
1445,8,dosd,5,tcp_speed_test,14,10.0.1.1,107.14285714285714
1446,8,dosd,11,tcp_speed_test,14,10.0.1.1,107.14285714285714
1447,8,dosd,2,tcp_speed_test,12,10.0.1.1,93.75
1448,8,dosd,32,tcp_speed_test,13,10.0.1.1,100.0
1449,8,dosd,13,tcp_speed_test,15,10.0.1.1,115.38461538461537
1450,8,aosd,4,tcp_speed_test,17,10.0.1.1,125.0
1451,8,aosd,48,tcp_speed_test,14,10.0.1.1,107.14285714285714
1452,8,aosd,42,tcp_speed_test,20,10.0.1.1,150.0
1453,8,aosd,47,tcp_speed_test,15,10.0.1.1,115.38461538461537
1454,8,aosd,17,tcp_speed_test,18,10.0.1.1,136.36363636363635
1455,8,aosd,2,tcp_speed_test,12,10.0.1.1,93.75
1456,8,aosd,41,tcp_speed_test,18,10.0.1.1,136.36363636363635
1457,8,aosd,11,tcp_speed_test,14,10.0.1.1,107.14285714285714
1458,8,aosd,32,tcp_speed_test,13,10.0.1.1,100.0
1459,8,aosd,31,tcp_speed_test,12,10.0.1.1,93.75
1460,8,aosd,27,tcp_speed_test,20,10.0.1.1,150.0
1461,8,aosd,3,tcp_speed_test,16,10.0.1.1,115.38461538461537
1462,8,aosd,1,tcp_speed_test,11,10.0.1.1,83.33333333333334
1463,8,aosd,13,tcp_speed_test,15,10.0.1.1,115.38461538461537
1464,8,aosd,50,tcp_speed_test,11,10.0.1.1,83.33333333333334
1465,8,aosd,43,tcp_speed_test,19,10.0.1.1,136.36363636363635
1466,8,aosd,38,tcp_speed_test,11,10.0.1.1,88.23529411764706
1467,8,aosd,6,tcp_speed_test,15,10.0.1.1,115.38461538461537
1468,8,aosd,21,tcp_speed_test,10,10.0.1.1,78.94736842105263
1469,8,aosd,16,tcp_speed_test,14,10.0.1.1,107.14285714285714
1470,8,aosd,49,tcp_speed_test,16,10.0.1.1,125.0
1471,8,aosd,34,tcp_speed_test,11,10.0.1.1,83.33333333333334
1472,8,aosd,39,tcp_speed_test,19,10.0.1.1,136.36363636363635
1473,8,aosd,44,tcp_speed_test,12,10.0.1.1,93.75
1474,8,aosd,5,tcp_speed_test,14,10.0.1.1,107.14285714285714
1475,8,aosd,30,tcp_speed_test,17,10.0.1.1,125.0
1476,8,aosd,22,tcp_speed_test,18,10.0.1.1,136.36363636363635
1477,8,aosd,28,tcp_speed_test,19,10.0.1.1,136.36363636363635
1478,8,aosd,23,tcp_speed_test,19,10.0.1.1,136.36363636363635
1479,8,aosd,46,tcp_speed_test,13,10.0.1.1,100.0
1480,8,aosd,45,tcp_speed_test,15,10.0.1.1,115.38461538461537
1481,8,aosd,12,tcp_speed_test,20,10.0.1.1,150.0
1482,8,aosd,7,tcp_speed_test,13,10.0.1.1,100.0
1483,8,aosd,36,tcp_speed_test,13,10.0.1.1,100.0
1484,8,aosd,15,tcp_speed_test,14,10.0.1.1,107.14285714285714
1485,8,aosd,19,tcp_speed_test,19,10.0.1.1,136.36363636363635
1486,8,aosd,9,tcp_speed_test,11,10.0.1.1,83.33333333333334
1487,8,aosd,18,tcp_speed_test,13,10.0.1.1,100.0
1488,8,aosd,40,tcp_speed_test,18,10.0.1.1,136.36363636363635
1489,8,aosd,26,tcp_speed_test,18,10.0.1.1,136.36363636363635
1490,8,aosd,25,tcp_speed_test,17,10.0.1.1,125.0
1491,8,aosd,24,tcp_speed_test,19,10.0.1.1,150.0
1492,8,aosd,29,tcp_speed_test,14,10.0.1.1,107.14285714285714
1493,8,aosd,14,tcp_speed_test,14,10.0.1.1,107.14285714285714
1494,8,aosd,20,tcp_speed_test,13,10.0.1.1,100.0
1495,8,aosd,8,tcp_speed_test,13,10.0.1.1,100.0
1496,8,aosd,10,tcp_speed_test,10,10.0.1.1,78.94736842105263
1497,8,aosd,35,tcp_speed_test,12,10.0.1.1,93.75
1498,8,aosd,33,tcp_speed_test,11,10.0.1.1,83.33333333333334
1499,8,aosd,37,tcp_speed_test,15,10.0.1.1,115.38461538461537
1500,9,random,30,tcp_speed_test,17,10.0.1.1,125.0
1501,9,random,4,tcp_speed_test,17,10.0.1.1,125.0
1502,9,random,48,tcp_speed_test,14,10.0.1.1,107.14285714285714
1503,9,random,39,tcp_speed_test,19,10.0.1.1,136.36363636363635
1504,9,random,38,tcp_speed_test,11,10.0.1.1,88.23529411764706
1505,9,random,16,tcp_speed_test,14,10.0.1.1,107.14285714285714
1506,9,random,32,tcp_speed_test,13,10.0.1.1,100.0
1507,9,random,43,tcp_speed_test,19,10.0.1.1,136.36363636363635
1508,9,random,2,tcp_speed_test,12,10.0.1.1,93.75
1509,9,random,27,tcp_speed_test,20,10.0.1.1,150.0
1510,9,random,11,tcp_speed_test,14,10.0.1.1,107.14285714285714
1511,9,random,20,tcp_speed_test,13,10.0.1.1,100.0
1512,9,random,44,tcp_speed_test,12,10.0.1.1,93.75
1513,9,random,21,tcp_speed_test,10,10.0.1.1,78.94736842105263
1514,9,random,15,tcp_speed_test,14,10.0.1.1,107.14285714285714
1515,9,random,9,tcp_speed_test,11,10.0.1.1,83.33333333333334
1516,9,random,36,tcp_speed_test,13,10.0.1.1,100.0
1517,9,random,19,tcp_speed_test,19,10.0.1.1,136.36363636363635
1518,9,random,47,tcp_speed_test,15,10.0.1.1,115.38461538461537
1519,9,random,41,tcp_speed_test,18,10.0.1.1,136.36363636363635
1520,9,random,28,tcp_speed_test,19,10.0.1.1,136.36363636363635
1521,9,random,12,tcp_speed_test,20,10.0.1.1,150.0
1522,9,random,40,tcp_speed_test,18,10.0.1.1,136.36363636363635
1523,9,random,5,tcp_speed_test,14,10.0.1.1,107.14285714285714
1524,9,random,14,tcp_speed_test,14,10.0.1.1,107.14285714285714
1525,9,random,35,tcp_speed_test,12,10.0.1.1,93.75
1526,9,random,24,tcp_speed_test,19,10.0.1.1,150.0
1527,9,random,33,tcp_speed_test,11,10.0.1.1,83.33333333333334
1528,9,random,29,tcp_speed_test,14,10.0.1.1,107.14285714285714
1529,9,random,13,tcp_speed_test,15,10.0.1.1,115.38461538461537
1530,9,random,22,tcp_speed_test,18,10.0.1.1,136.36363636363635
1531,9,random,49,tcp_speed_test,16,10.0.1.1,125.0
1532,9,random,7,tcp_speed_test,13,10.0.1.1,100.0
1533,9,random,18,tcp_speed_test,13,10.0.1.1,100.0
1534,9,random,34,tcp_speed_test,11,10.0.1.1,83.33333333333334
1535,9,random,46,tcp_speed_test,13,10.0.1.1,100.0
1536,9,random,25,tcp_speed_test,17,10.0.1.1,125.0
1537,9,random,8,tcp_speed_test,13,10.0.1.1,100.0
1538,9,random,1,tcp_speed_test,11,10.0.1.1,83.33333333333334
1539,9,random,37,tcp_speed_test,15,10.0.1.1,115.38461538461537
1540,9,random,10,tcp_speed_test,10,10.0.1.1,78.94736842105263
1541,9,random,42,tcp_speed_test,20,10.0.1.1,150.0
1542,9,random,50,tcp_speed_test,11,10.0.1.1,83.33333333333334
1543,9,random,3,tcp_speed_test,16,10.0.1.1,115.38461538461537
1544,9,random,26,tcp_speed_test,18,10.0.1.1,136.36363636363635
1545,9,random,31,tcp_speed_test,12,10.0.1.1,93.75
1546,9,random,17,tcp_speed_test,18,10.0.1.1,136.36363636363635
1547,9,random,45,tcp_speed_test,15,10.0.1.1,115.38461538461537
1548,9,random,6,tcp_speed_test,15,10.0.1.1,115.38461538461537
1549,9,random,23,tcp_speed_test,19,10.0.1.1,136.36363636363635
1550,9,rr,42,tcp_speed_test,20,10.0.1.1,150.0
1551,9,rr,12,tcp_speed_test,20,10.0.1.1,150.0
1552,9,rr,46,tcp_speed_test,13,10.0.1.1,100.0
1553,9,rr,30,tcp_speed_test,17,10.0.1.1,125.0
1554,9,rr,24,tcp_speed_test,19,10.0.1.1,150.0
1555,9,rr,39,tcp_speed_test,19,10.0.1.1,136.36363636363635
1556,9,rr,13,tcp_speed_test,15,10.0.1.1,115.38461538461537
1557,9,rr,9,tcp_speed_test,11,10.0.1.1,83.33333333333334
1558,9,rr,41,tcp_speed_test,18,10.0.1.1,136.36363636363635
1559,9,rr,29,tcp_speed_test,14,10.0.1.1,107.14285714285714
1560,9,rr,19,tcp_speed_test,19,10.0.1.1,136.36363636363635
1561,9,rr,27,tcp_speed_test,20,10.0.1.1,150.0
1562,9,rr,48,tcp_speed_test,14,10.0.1.1,107.14285714285714
1563,9,rr,11,tcp_speed_test,14,10.0.1.1,107.14285714285714
1564,9,rr,28,tcp_speed_test,19,10.0.1.1,136.36363636363635
1565,9,rr,49,tcp_speed_test,16,10.0.1.1,125.0
1566,9,rr,45,tcp_speed_test,15,10.0.1.1,115.38461538461537
1567,9,rr,20,tcp_speed_test,13,10.0.1.1,100.0
1568,9,rr,4,tcp_speed_test,17,10.0.1.1,125.0
1569,9,rr,17,tcp_speed_test,18,10.0.1.1,136.36363636363635
1570,9,rr,25,tcp_speed_test,17,10.0.1.1,125.0
1571,9,rr,34,tcp_speed_test,11,10.0.1.1,83.33333333333334
1572,9,rr,18,tcp_speed_test,13,10.0.1.1,100.0
1573,9,rr,40,tcp_speed_test,18,10.0.1.1,136.36363636363635
1574,9,rr,15,tcp_speed_test,14,10.0.1.1,107.14285714285714
1575,9,rr,3,tcp_speed_test,16,10.0.1.1,115.38461538461537
1576,9,rr,36,tcp_speed_test,13,10.0.1.1,100.0
1577,9,rr,47,tcp_speed_test,15,10.0.1.1,115.38461538461537
1578,9,rr,22,tcp_speed_test,18,10.0.1.1,136.36363636363635
1579,9,rr,10,tcp_speed_test,10,10.0.1.1,78.94736842105263
1580,9,rr,32,tcp_speed_test,13,10.0.1.1,100.0
1581,9,rr,43,tcp_speed_test,19,10.0.1.1,136.36363636363635
1582,9,rr,26,tcp_speed_test,18,10.0.1.1,136.36363636363635
1583,9,rr,50,tcp_speed_test,11,10.0.1.1,83.33333333333334
1584,9,rr,6,tcp_speed_test,15,10.0.1.1,115.38461538461537
1585,9,rr,1,tcp_speed_test,11,10.0.1.1,83.33333333333334
1586,9,rr,7,tcp_speed_test,13,10.0.1.1,100.0
1587,9,rr,8,tcp_speed_test,13,10.0.1.1,100.0
1588,9,rr,2,tcp_speed_test,12,10.0.1.1,93.75
1589,9,rr,21,tcp_speed_test,10,10.0.1.1,78.94736842105263
1590,9,rr,14,tcp_speed_test,14,10.0.1.1,107.14285714285714
1591,9,rr,33,tcp_speed_test,11,10.0.1.1,83.33333333333334
1592,9,rr,23,tcp_speed_test,19,10.0.1.1,136.36363636363635
1593,9,rr,44,tcp_speed_test,12,10.0.1.1,93.75
1594,9,rr,31,tcp_speed_test,12,10.0.1.1,93.75
1595,9,rr,16,tcp_speed_test,14,10.0.1.1,107.14285714285714
1596,9,rr,38,tcp_speed_test,11,10.0.1.1,88.23529411764706
1597,9,rr,37,tcp_speed_test,15,10.0.1.1,115.38461538461537
1598,9,rr,35,tcp_speed_test,12,10.0.1.1,93.75
1599,9,rr,5,tcp_speed_test,14,10.0.1.1,107.14285714285714
1600,9,edf,11,tcp_speed_test,14,10.0.1.1,107.14285714285714
1601,9,edf,20,tcp_speed_test,13,10.0.1.1,100.0
1602,9,edf,6,tcp_speed_test,15,10.0.1.1,115.38461538461537
1603,9,edf,17,tcp_speed_test,18,10.0.1.1,136.36363636363635
1604,9,edf,22,tcp_speed_test,18,10.0.1.1,136.36363636363635
1605,9,edf,25,tcp_speed_test,17,10.0.1.1,125.0
1606,9,edf,34,tcp_speed_test,11,10.0.1.1,83.33333333333334
1607,9,edf,42,tcp_speed_test,20,10.0.1.1,150.0
1608,9,edf,41,tcp_speed_test,18,10.0.1.1,136.36363636363635
1609,9,edf,2,tcp_speed_test,12,10.0.1.1,93.75
1610,9,edf,30,tcp_speed_test,17,10.0.1.1,125.0
1611,9,edf,24,tcp_speed_test,19,10.0.1.1,150.0
1612,9,edf,47,tcp_speed_test,15,10.0.1.1,115.38461538461537
1613,9,edf,8,tcp_speed_test,13,10.0.1.1,100.0
1614,9,edf,32,tcp_speed_test,13,10.0.1.1,100.0
1615,9,edf,36,tcp_speed_test,13,10.0.1.1,100.0
1616,9,edf,3,tcp_speed_test,16,10.0.1.1,115.38461538461537
1617,9,edf,27,tcp_speed_test,20,10.0.1.1,150.0
1618,9,edf,48,tcp_speed_test,14,10.0.1.1,107.14285714285714
1619,9,edf,46,tcp_speed_test,13,10.0.1.1,100.0
1620,9,edf,16,tcp_speed_test,14,10.0.1.1,107.14285714285714
1621,9,edf,12,tcp_speed_test,20,10.0.1.1,150.0
1622,9,edf,21,tcp_speed_test,10,10.0.1.1,78.94736842105263
1623,9,edf,14,tcp_speed_test,14,10.0.1.1,107.14285714285714
1624,9,edf,4,tcp_speed_test,17,10.0.1.1,125.0
1625,9,edf,37,tcp_speed_test,15,10.0.1.1,115.38461538461537
1626,9,edf,33,tcp_speed_test,11,10.0.1.1,83.33333333333334
1627,9,edf,19,tcp_speed_test,19,10.0.1.1,136.36363636363635
1628,9,edf,28,tcp_speed_test,19,10.0.1.1,136.36363636363635
1629,9,edf,31,tcp_speed_test,12,10.0.1.1,93.75
1630,9,edf,9,tcp_speed_test,11,10.0.1.1,83.33333333333334
1631,9,edf,26,tcp_speed_test,18,10.0.1.1,136.36363636363635
1632,9,edf,35,tcp_speed_test,12,10.0.1.1,93.75
1633,9,edf,44,tcp_speed_test,12,10.0.1.1,93.75
1634,9,edf,45,tcp_speed_test,15,10.0.1.1,115.38461538461537
1635,9,edf,49,tcp_speed_test,16,10.0.1.1,125.0
1636,9,edf,39,tcp_speed_test,19,10.0.1.1,136.36363636363635
1637,9,edf,10,tcp_speed_test,10,10.0.1.1,78.94736842105263
1638,9,edf,15,tcp_speed_test,14,10.0.1.1,107.14285714285714
1639,9,edf,18,tcp_speed_test,13,10.0.1.1,100.0
1640,9,edf,40,tcp_speed_test,18,10.0.1.1,136.36363636363635
1641,9,edf,13,tcp_speed_test,15,10.0.1.1,115.38461538461537
1642,9,edf,7,tcp_speed_test,13,10.0.1.1,100.0
1643,9,edf,50,tcp_speed_test,11,10.0.1.1,83.33333333333334
1644,9,edf,38,tcp_speed_test,11,10.0.1.1,88.23529411764706
1645,9,edf,29,tcp_speed_test,14,10.0.1.1,107.14285714285714
1646,9,edf,43,tcp_speed_test,19,10.0.1.1,136.36363636363635
1647,9,edf,23,tcp_speed_test,19,10.0.1.1,136.36363636363635
1648,9,edf,5,tcp_speed_test,14,10.0.1.1,107.14285714285714
1649,9,edf,1,tcp_speed_test,11,10.0.1.1,83.33333333333334
1650,9,dosd,47,tcp_speed_test,15,10.0.1.1,115.38461538461537
1651,9,dosd,22,tcp_speed_test,18,10.0.1.1,136.36363636363635
1652,9,dosd,18,tcp_speed_test,13,10.0.1.1,100.0
1653,9,dosd,4,tcp_speed_test,17,10.0.1.1,125.0
1654,9,dosd,10,tcp_speed_test,10,10.0.1.1,78.94736842105263
1655,9,dosd,20,tcp_speed_test,13,10.0.1.1,100.0
1656,9,dosd,41,tcp_speed_test,18,10.0.1.1,136.36363636363635
1657,9,dosd,35,tcp_speed_test,12,10.0.1.1,93.75
1658,9,dosd,14,tcp_speed_test,14,10.0.1.1,107.14285714285714
1659,9,dosd,48,tcp_speed_test,14,10.0.1.1,107.14285714285714
1660,9,dosd,34,tcp_speed_test,11,10.0.1.1,83.33333333333334
1661,9,dosd,23,tcp_speed_test,19,10.0.1.1,136.36363636363635
1662,9,dosd,31,tcp_speed_test,12,10.0.1.1,93.75
1663,9,dosd,43,tcp_speed_test,19,10.0.1.1,136.36363636363635
1664,9,dosd,40,tcp_speed_test,18,10.0.1.1,136.36363636363635
1665,9,dosd,9,tcp_speed_test,11,10.0.1.1,83.33333333333334
1666,9,dosd,44,tcp_speed_test,12,10.0.1.1,93.75
1667,9,dosd,6,tcp_speed_test,15,10.0.1.1,115.38461538461537
1668,9,dosd,8,tcp_speed_test,13,10.0.1.1,100.0
1669,9,dosd,28,tcp_speed_test,19,10.0.1.1,136.36363636363635
1670,9,dosd,29,tcp_speed_test,14,10.0.1.1,107.14285714285714
1671,9,dosd,36,tcp_speed_test,13,10.0.1.1,100.0
1672,9,dosd,42,tcp_speed_test,20,10.0.1.1,150.0
1673,9,dosd,45,tcp_speed_test,15,10.0.1.1,115.38461538461537
1674,9,dosd,26,tcp_speed_test,18,10.0.1.1,136.36363636363635
1675,9,dosd,3,tcp_speed_test,16,10.0.1.1,115.38461538461537
1676,9,dosd,30,tcp_speed_test,17,10.0.1.1,125.0
1677,9,dosd,21,tcp_speed_test,10,10.0.1.1,78.94736842105263
1678,9,dosd,33,tcp_speed_test,11,10.0.1.1,83.33333333333334
1679,9,dosd,37,tcp_speed_test,15,10.0.1.1,115.38461538461537
1680,9,dosd,25,tcp_speed_test,17,10.0.1.1,125.0
1681,9,dosd,15,tcp_speed_test,14,10.0.1.1,107.14285714285714
1682,9,dosd,12,tcp_speed_test,20,10.0.1.1,150.0
1683,9,dosd,19,tcp_speed_test,19,10.0.1.1,136.36363636363635
1684,9,dosd,46,tcp_speed_test,13,10.0.1.1,100.0
1685,9,dosd,24,tcp_speed_test,19,10.0.1.1,150.0
1686,9,dosd,16,tcp_speed_test,14,10.0.1.1,107.14285714285714
1687,9,dosd,17,tcp_speed_test,18,10.0.1.1,136.36363636363635
1688,9,dosd,27,tcp_speed_test,20,10.0.1.1,150.0
1689,9,dosd,39,tcp_speed_test,19,10.0.1.1,136.36363636363635
1690,9,dosd,1,tcp_speed_test,11,10.0.1.1,83.33333333333334
1691,9,dosd,38,tcp_speed_test,11,10.0.1.1,88.23529411764706
1692,9,dosd,7,tcp_speed_test,13,10.0.1.1,100.0
1693,9,dosd,50,tcp_speed_test,11,10.0.1.1,83.33333333333334
1694,9,dosd,49,tcp_speed_test,16,10.0.1.1,125.0
1695,9,dosd,5,tcp_speed_test,14,10.0.1.1,107.14285714285714
1696,9,dosd,11,tcp_speed_test,14,10.0.1.1,107.14285714285714
1697,9,dosd,2,tcp_speed_test,12,10.0.1.1,93.75
1698,9,dosd,32,tcp_speed_test,13,10.0.1.1,100.0
1699,9,dosd,13,tcp_speed_test,15,10.0.1.1,115.38461538461537
1700,9,aosd,4,tcp_speed_test,17,10.0.1.1,125.0
1701,9,aosd,48,tcp_speed_test,14,10.0.1.1,107.14285714285714
1702,9,aosd,42,tcp_speed_test,20,10.0.1.1,150.0
1703,9,aosd,47,tcp_speed_test,15,10.0.1.1,115.38461538461537
1704,9,aosd,17,tcp_speed_test,18,10.0.1.1,136.36363636363635
1705,9,aosd,2,tcp_speed_test,12,10.0.1.1,93.75
1706,9,aosd,41,tcp_speed_test,18,10.0.1.1,136.36363636363635
1707,9,aosd,11,tcp_speed_test,14,10.0.1.1,107.14285714285714
1708,9,aosd,32,tcp_speed_test,13,10.0.1.1,100.0
1709,9,aosd,31,tcp_speed_test,12,10.0.1.1,93.75
1710,9,aosd,27,tcp_speed_test,20,10.0.1.1,150.0
1711,9,aosd,3,tcp_speed_test,16,10.0.1.1,115.38461538461537
1712,9,aosd,1,tcp_speed_test,11,10.0.1.1,83.33333333333334
1713,9,aosd,13,tcp_speed_test,15,10.0.1.1,115.38461538461537
1714,9,aosd,50,tcp_speed_test,11,10.0.1.1,83.33333333333334
1715,9,aosd,43,tcp_speed_test,19,10.0.1.1,136.36363636363635
1716,9,aosd,38,tcp_speed_test,11,10.0.1.1,88.23529411764706
1717,9,aosd,6,tcp_speed_test,15,10.0.1.1,115.38461538461537
1718,9,aosd,21,tcp_speed_test,10,10.0.1.1,78.94736842105263
1719,9,aosd,16,tcp_speed_test,14,10.0.1.1,107.14285714285714
1720,9,aosd,49,tcp_speed_test,16,10.0.1.1,125.0
1721,9,aosd,34,tcp_speed_test,11,10.0.1.1,83.33333333333334
1722,9,aosd,39,tcp_speed_test,19,10.0.1.1,136.36363636363635
1723,9,aosd,44,tcp_speed_test,12,10.0.1.1,93.75
1724,9,aosd,5,tcp_speed_test,14,10.0.1.1,107.14285714285714
1725,9,aosd,30,tcp_speed_test,17,10.0.1.1,125.0
1726,9,aosd,22,tcp_speed_test,18,10.0.1.1,136.36363636363635
1727,9,aosd,28,tcp_speed_test,19,10.0.1.1,136.36363636363635
1728,9,aosd,23,tcp_speed_test,19,10.0.1.1,136.36363636363635
1729,9,aosd,46,tcp_speed_test,13,10.0.1.1,100.0
1730,9,aosd,45,tcp_speed_test,15,10.0.1.1,115.38461538461537
1731,9,aosd,12,tcp_speed_test,20,10.0.1.1,150.0
1732,9,aosd,7,tcp_speed_test,13,10.0.1.1,100.0
1733,9,aosd,36,tcp_speed_test,13,10.0.1.1,100.0
1734,9,aosd,15,tcp_speed_test,14,10.0.1.1,107.14285714285714
1735,9,aosd,19,tcp_speed_test,19,10.0.1.1,136.36363636363635
1736,9,aosd,9,tcp_speed_test,11,10.0.1.1,83.33333333333334
1737,9,aosd,18,tcp_speed_test,13,10.0.1.1,100.0
1738,9,aosd,40,tcp_speed_test,18,10.0.1.1,136.36363636363635
1739,9,aosd,26,tcp_speed_test,18,10.0.1.1,136.36363636363635
1740,9,aosd,25,tcp_speed_test,17,10.0.1.1,125.0
1741,9,aosd,24,tcp_speed_test,19,10.0.1.1,150.0
1742,9,aosd,29,tcp_speed_test,14,10.0.1.1,107.14285714285714
1743,9,aosd,14,tcp_speed_test,14,10.0.1.1,107.14285714285714
1744,9,aosd,20,tcp_speed_test,13,10.0.1.1,100.0
1745,9,aosd,8,tcp_speed_test,13,10.0.1.1,100.0
1746,9,aosd,10,tcp_speed_test,10,10.0.1.1,78.94736842105263
1747,9,aosd,35,tcp_speed_test,12,10.0.1.1,93.75
1748,9,aosd,33,tcp_speed_test,11,10.0.1.1,83.33333333333334
1749,9,aosd,37,tcp_speed_test,15,10.0.1.1,115.38461538461537
